Workbook

Sheet Transports
A1: To be filled | B1: servicenow token: | C1: 118c2756d3ce653d0a273be09b5db6c54e | D1: Note: This token expires every 6 months, please ensure it is not expired before using it. U: servicenow P:(syspass)
A2: Result | B2: it_qa token: | C2: 11670cc89254539b7527b5113a68e6edb6 | D2: Note: This token expires every 6 months, please ensure it is not expired before using it. U: it_qa P:(syspass) | E2: (expired, not used anymore)
A3: Calculated | C3: Published 01/05/2025 | D3: 45962
A4: Project | B4: SCR Execution Body (copy & paste in SCR Execution tab) | C4: App Token | D4: Jenkins job path | E4: WithParams? | F4: SAP ID | G4: App | H4: JENKINS_TRANSPORT | I4: JENKINS_RESULT | J4: CAB
A5: Webs | B5: =CONCATENATE($I$4," ",I5,CHAR(10),CHAR(13),CHAR(10),CHAR(13),$H$4," ",H5) -> JENKINS_RESULT https://jenkins.werfen.com/job/Werfen%20websites/job/Production%20environment/job/QA%20Transports/job/All%20werfen.com%20sites/?token=WerfenALLRelease _x000D_ _x000D_JENKINS_TRANSPORT https://jenkins.werfen.com/job/Werfen%20websites/job/Production%20environment/job/QA%20Transports/job/All%20werfen.com%20sites/build?token=WerfenALLRelease&token2= | C5: WerfenALLRelease | D5: job/Werfen%20websites/job/Production%20environment/job/QA%20Transports/job/All%20werfen.com%20sites/ | E5: build | F5: 1 | G5: All werfen sites legacy | H5: =CONCATENATE("https://jenkins.werfen.com/",D5,E5,"?token=",C5,"&token2=") -> https://jenkins.werfen.com/job/Werfen%20websites/job/Production%20environment/job/QA%20Transports/job/All%20werfen.com%20sites/build?token=WerfenALLRelease&token2= | I5: =_xlfn.CONCAT("https://jenkins.werfen.com/",D5,"?token=",C5) -> https://jenkins.werfen.com/job/Werfen%20websites/job/Production%20environment/job/QA%20Transports/job/All%20werfen.com%20sites/?token=WerfenALLRelease | J5: 0
A6: Webs | B6: =CONCATENATE($I$4," ",I6,CHAR(10),CHAR(13),CHAR(10),CHAR(13),$H$4," ",H6) -> JENKINS_RESULT https://jenkins.werfen.com/job/Werfen%20websites/job/Production%20environment/job/QA%20Transports/job/All%20werfen%20sites%20release/?token=WerfenALLRelease1 _x000D_ _x000D_JENKINS_TRANSPORT https://jenkins.werfen.com/job/Werfen%20websites/job/Production%20environment/job/QA%20Transports/job/All%20werfen%20sites%20release/build?token=WerfenALLRelease1&token2= | C6: WerfenALLRelease1 | D6: job/Werfen%20websites/job/Production%20environment/job/QA%20Transports/job/All%20werfen%20sites%20release/ | E6: build | G6: All werfen sites release | H6: =CONCATENATE("https://jenkins.werfen.com/",D6,E6,"?token=",C6,"&token2=") -> https://jenkins.werfen.com/job/Werfen%20websites/job/Production%20environment/job/QA%20Transports/job/All%20werfen%20sites%20release/build?token=WerfenALLRelease1&token2= | I6: =_xlfn.CONCAT("https://jenkins.werfen.com/",D6,"?token=",C6) -> https://jenkins.werfen.com/job/Werfen%20websites/job/Production%20environment/job/QA%20Transports/job/All%20werfen%20sites%20release/?token=WerfenALLRelease1 | J6: 1
A7: Webs | B7: =CONCATENATE($I$4," ",I7,CHAR(10),CHAR(13),CHAR(10),CHAR(13),$H$4," ",H7) -> JENKINS_RESULT https://jenkins.werfen.com/job/Werfen%20websites/job/Production%20environment/job/QA%20Transports/job/All%20werfen%20hotfix/?token=WerfenALLHotfix _x000D_ _x000D_JENKINS_TRANSPORT https://jenkins.werfen.com/job/Werfen%20websites/job/Production%20environment/job/QA%20Transports/job/All%20werfen%20hotfix/build?token=WerfenALLHotfix&token2= | C7: WerfenALLHotfix | D7: job/Werfen%20websites/job/Production%20environment/job/QA%20Transports/job/All%20werfen%20hotfix/ | E7: build | G7: All werfen sites hotfix | H7: =CONCATENATE("https://jenkins.werfen.com/",D7,E7,"?token=",C7,"&token2=") -> https://jenkins.werfen.com/job/Werfen%20websites/job/Production%20environment/job/QA%20Transports/job/All%20werfen%20hotfix/build?token=WerfenALLHotfix&token2= | I7: =_xlfn.CONCAT("https://jenkins.werfen.com/",D7,"?token=",C7) -> https://jenkins.werfen.com/job/Werfen%20websites/job/Production%20environment/job/QA%20Transports/job/All%20werfen%20hotfix/?token=WerfenALLHotfix | J7: 1
A8: Webs | B8: =CONCATENATE($I$4," ",I8,CHAR(10),CHAR(13),CHAR(10),CHAR(13),$H$4," ",H8) -> JENKINS_RESULT https://jenkins.werfen.com/job/Werfen%20websites/job/Production%20environment/job/QA%20Transports/job/Werfen%20CZ/?token=WerfenCZRelease _x000D_ _x000D_JENKINS_TRANSPORT https://jenkins.werfen.com/job/Werfen%20websites/job/Production%20environment/job/QA%20Transports/job/Werfen%20CZ/buildWithParameters?token=WerfenCZRelease&token2= | C8: WerfenCZRelease | D8: job/Werfen%20websites/job/Production%20environment/job/QA%20Transports/job/Werfen%20CZ/ | E8: buildWithParameters | F8: 8 | G8: Website Czechia legacy | H8: =CONCATENATE("https://jenkins.werfen.com/",D8,E8,"?token=",C8,"&token2=") -> https://jenkins.werfen.com/job/Werfen%20websites/job/Production%20environment/job/QA%20Transports/job/Werfen%20CZ/buildWithParameters?token=WerfenCZRelease&token2= | I8: =_xlfn.CONCAT("https://jenkins.werfen.com/",D8,"?token=",C8) -> https://jenkins.werfen.com/job/Werfen%20websites/job/Production%20environment/job/QA%20Transports/job/Werfen%20CZ/?token=WerfenCZRelease | J8: 0
A9: Webs | B9: =CONCATENATE($I$4," ",I9,CHAR(10),CHAR(13),CHAR(10),CHAR(13),$H$4," ",H9) -> JENKINS_RESULT https://jenkins.werfen.com/job/Werfen%20websites/job/Production%20environment/job/QA%20Transports/job/Werfen%20CZ%20release/?token=WerfenCZRelease1 _x000D_ _x000D_JENKINS_TRANSPORT https://jenkins.werfen.com/job/Werfen%20websites/job/Production%20environment/job/QA%20Transports/job/Werfen%20CZ%20release/buildWithParameters?token=WerfenCZRelease1&token2= | C9: WerfenCZRelease1 | D9: job/Werfen%20websites/job/Production%20environment/job/QA%20Transports/job/Werfen%20CZ%20release/ | E9: buildWithParameters | G9: Website Czechia release | H9: =CONCATENATE("https://jenkins.werfen.com/",D9,E9,"?token=",C9,"&token2=") -> https://jenkins.werfen.com/job/Werfen%20websites/job/Production%20environment/job/QA%20Transports/job/Werfen%20CZ%20release/buildWithParameters?token=WerfenCZRelease1&token2= | I9: =_xlfn.CONCAT("https://jenkins.werfen.com/",D9,"?token=",C9) -> https://jenkins.werfen.com/job/Werfen%20websites/job/Production%20environment/job/QA%20Transports/job/Werfen%20CZ%20release/?token=WerfenCZRelease1 | J9: 1
A10: Webs | B10: =CONCATENATE($I$4," ",I10,CHAR(10),CHAR(13),CHAR(10),CHAR(13),$H$4," ",H10) -> JENKINS_RESULT https://jenkins.werfen.com/job/Werfen%20websites/job/Production%20environment/job/QA%20Transports/job/Werfen%20CZ%20hotfix/?token=WerfenCZHotfix _x000D_ _x000D_JENKINS_TRANSPORT https://jenkins.werfen.com/job/Werfen%20websites/job/Production%20environment/job/QA%20Transports/job/Werfen%20CZ%20hotfix/buildWithParameters?token=WerfenCZHotfix&token2= | C10: WerfenCZHotfix | D10: job/Werfen%20websites/job/Production%20environment/job/QA%20Transports/job/Werfen%20CZ%20hotfix/ | E10: buildWithParameters | G10: Website Czechia hotfix | H10: =CONCATENATE("https://jenkins.werfen.com/",D10,E10,"?token=",C10,"&token2=") -> https://jenkins.werfen.com/job/Werfen%20websites/job/Production%20environment/job/QA%20Transports/job/Werfen%20CZ%20hotfix/buildWithParameters?token=WerfenCZHotfix&token2= | I10: =_xlfn.CONCAT("https://jenkins.werfen.com/",D10,"?token=",C10) -> https://jenkins.werfen.com/job/Werfen%20websites/job/Production%20environment/job/QA%20Transports/job/Werfen%20CZ%20hotfix/?token=WerfenCZHotfix | J10: 1
A11: Webs | B11: =CONCATENATE($I$4," ",I11,CHAR(10),CHAR(13),CHAR(10),CHAR(13),$H$4," ",H11) -> JENKINS_RESULT https://jenkins.werfen.com/job/Werfen%20websites/job/Production%20environment/job/QA%20Transports/job/Werfen%20RU/?token=WerfenRURelease _x000D_ _x000D_JENKINS_TRANSPORT https://jenkins.werfen.com/job/Werfen%20websites/job/Production%20environment/job/QA%20Transports/job/Werfen%20RU/buildWithParameters?token=WerfenRURelease&token2= | C11: WerfenRURelease | D11: job/Werfen%20websites/job/Production%20environment/job/QA%20Transports/job/Werfen%20RU/ | E11: buildWithParameters | F11: 22 | G11: Website Russia legacy | H11: =CONCATENATE("https://jenkins.werfen.com/",D11,E11,"?token=",C11,"&token2=") -> https://jenkins.werfen.com/job/Werfen%20websites/job/Production%20environment/job/QA%20Transports/job/Werfen%20RU/buildWithParameters?token=WerfenRURelease&token2= | I11: =_xlfn.CONCAT("https://jenkins.werfen.com/",D11,"?token=",C11) -> https://jenkins.werfen.com/job/Werfen%20websites/job/Production%20environment/job/QA%20Transports/job/Werfen%20RU/?token=WerfenRURelease | J11: 0
A12: Webs | B12: =CONCATENATE($I$4," ",I12,CHAR(10),CHAR(13),CHAR(10),CHAR(13),$H$4," ",H12) -> JENKINS_RESULT https://jenkins.werfen.com/job/Werfen%20websites/job/Production%20environment/job/QA%20Transports/job/Werfen%20RU%20release/?token=WerfenRURelease1 _x000D_ _x000D_JENKINS_TRANSPORT https://jenkins.werfen.com/job/Werfen%20websites/job/Production%20environment/job/QA%20Transports/job/Werfen%20RU%20release/buildWithParameters?token=WerfenRURelease1&token2= | C12: WerfenRURelease1 | D12: job/Werfen%20websites/job/Production%20environment/job/QA%20Transports/job/Werfen%20RU%20release/ | E12: buildWithParameters | G12: Website Russia release | H12: =CONCATENATE("https://jenkins.werfen.com/",D12,E12,"?token=",C12,"&token2=") -> https://jenkins.werfen.com/job/Werfen%20websites/job/Production%20environment/job/QA%20Transports/job/Werfen%20RU%20release/buildWithParameters?token=WerfenRURelease1&token2= | I12: =_xlfn.CONCAT("https://jenkins.werfen.com/",D12,"?token=",C12) -> https://jenkins.werfen.com/job/Werfen%20websites/job/Production%20environment/job/QA%20Transports/job/Werfen%20RU%20release/?token=WerfenRURelease1 | J12: 1
A13: Webs | B13: =CONCATENATE($I$4," ",I13,CHAR(10),CHAR(13),CHAR(10),CHAR(13),$H$4," ",H13) -> JENKINS_RESULT https://jenkins.werfen.com/job/Werfen%20websites/job/Production%20environment/job/QA%20Transports/job/Werfen%20RU%20hotfix/?token=WerfenRUHotfix _x000D_ _x000D_JENKINS_TRANSPORT https://jenkins.werfen.com/job/Werfen%20websites/job/Production%20environment/job/QA%20Transports/job/Werfen%20RU%20hotfix/?token=WerfenRUHotfix&token2= | C13: WerfenRUHotfix | D13: job/Werfen%20websites/job/Production%20environment/job/QA%20Transports/job/Werfen%20RU%20hotfix/ | F13: 22 | G13: Website Russia hotfix | H13: =CONCATENATE("https://jenkins.werfen.com/",D13,E13,"?token=",C13,"&token2=") -> https://jenkins.werfen.com/job/Werfen%20websites/job/Production%20environment/job/QA%20Transports/job/Werfen%20RU%20hotfix/?token=WerfenRUHotfix&token2= | I13: =_xlfn.CONCAT("https://jenkins.werfen.com/",D13,"?token=",C13) -> https://jenkins.werfen.com/job/Werfen%20websites/job/Production%20environment/job/QA%20Transports/job/Werfen%20RU%20hotfix/?token=WerfenRUHotfix | J13: 1
A14: Webs | B14: =CONCATENATE($I$4," ",I14,CHAR(10),CHAR(13),CHAR(10),CHAR(13),$H$4," ",H14) -> JENKINS_RESULT https://jenkins.werfen.com/job/Werfen%20websites/job/Production%20environment/job/QA%20Transports/job/Werfen%20AU/?token=WerfenAURelease _x000D_ _x000D_JENKINS_TRANSPORT https://jenkins.werfen.com/job/Werfen%20websites/job/Production%20environment/job/QA%20Transports/job/Werfen%20AU/buildWithParameters?token=WerfenAURelease&token2= | C14: WerfenAURelease | D14: job/Werfen%20websites/job/Production%20environment/job/QA%20Transports/job/Werfen%20AU/ | E14: buildWithParameters | F14: 4 | G14: Website AUSTRALIA legacy | H14: =CONCATENATE("https://jenkins.werfen.com/",D14,E14,"?token=",C14,"&token2=") -> https://jenkins.werfen.com/job/Werfen%20websites/job/Production%20environment/job/QA%20Transports/job/Werfen%20AU/buildWithParameters?token=WerfenAURelease&token2= | I14: =_xlfn.CONCAT("https://jenkins.werfen.com/",D14,"?token=",C14) -> https://jenkins.werfen.com/job/Werfen%20websites/job/Production%20environment/job/QA%20Transports/job/Werfen%20AU/?token=WerfenAURelease | J14: 0
A15: Webs | B15: =CONCATENATE($I$4," ",I15,CHAR(10),CHAR(13),CHAR(10),CHAR(13),$H$4," ",H15) -> JENKINS_RESULT https://jenkins.werfen.com/job/Werfen%20websites/job/Production%20environment/job/QA%20Transports/job/Werfen%20AU%20release/?token=WerfenAURelease1 _x000D_ _x000D_JENKINS_TRANSPORT https://jenkins.werfen.com/job/Werfen%20websites/job/Production%20environment/job/QA%20Transports/job/Werfen%20AU%20release/buildWithParameters?token=WerfenAURelease1&token2= | C15: WerfenAURelease1 | D15: job/Werfen%20websites/job/Production%20environment/job/QA%20Transports/job/Werfen%20AU%20release/ | E15: buildWithParameters | F15: 4 | G15: Website AUSTRALIA release | H15: =CONCATENATE("https://jenkins.werfen.com/",D15,E15,"?token=",C15,"&token2=") -> https://jenkins.werfen.com/job/Werfen%20websites/job/Production%20environment/job/QA%20Transports/job/Werfen%20AU%20release/buildWithParameters?token=WerfenAURelease1&token2= | I15: =_xlfn.CONCAT("https://jenkins.werfen.com/",D15,"?token=",C15) -> https://jenkins.werfen.com/job/Werfen%20websites/job/Production%20environment/job/QA%20Transports/job/Werfen%20AU%20release/?token=WerfenAURelease1 | J15: 1
A16: Webs | B16: =CONCATENATE($I$4," ",I16,CHAR(10),CHAR(13),CHAR(10),CHAR(13),$H$4," ",H16) -> JENKINS_RESULT https://jenkins.werfen.com/job/Werfen%20websites/job/Production%20environment/job/QA%20Transports/job/Werfen%20AU%20hotfix/?token=WerfenAUHotfix _x000D_ _x000D_JENKINS_TRANSPORT https://jenkins.werfen.com/job/Werfen%20websites/job/Production%20environment/job/QA%20Transports/job/Werfen%20AU%20hotfix/buildWithParameters?token=WerfenAUHotfix&token2= | C16: WerfenAUHotfix | D16: job/Werfen%20websites/job/Production%20environment/job/QA%20Transports/job/Werfen%20AU%20hotfix/ | E16: buildWithParameters | F16: 4 | G16: Website AUSTRALIA hotfix | H16: =CONCATENATE("https://jenkins.werfen.com/",D16,E16,"?token=",C16,"&token2=") -> https://jenkins.werfen.com/job/Werfen%20websites/job/Production%20environment/job/QA%20Transports/job/Werfen%20AU%20hotfix/buildWithParameters?token=WerfenAUHotfix&token2= | I16: =_xlfn.CONCAT("https://jenkins.werfen.com/",D16,"?token=",C16) -> https://jenkins.werfen.com/job/Werfen%20websites/job/Production%20environment/job/QA%20Transports/job/Werfen%20AU%20hotfix/?token=WerfenAUHotfix | J16: 1
A17: Welisten | B17: =CONCATENATE($I$4," ",I17,CHAR(10),CHAR(13),CHAR(10),CHAR(13),$H$4," ",H17) -> JENKINS_RESULT https://jenkins.werfen.com/job/WeListen/job/Production%20environment/job/QA%20Transports/job/Deploy%20site/?token=welistenRelease _x000D_ _x000D_JENKINS_TRANSPORT https://jenkins.werfen.com/job/WeListen/job/Production%20environment/job/QA%20Transports/job/Deploy%20site/buildWithParameters?token=welistenRelease&token2= | C17: welistenRelease | D17: job/WeListen/job/Production%20environment/job/QA%20Transports/job/Deploy%20site/ | E17: buildWithParameters | F17: 28 | G17: WeListen legacy | H17: =CONCATENATE("https://jenkins.werfen.com/",D17,E17,"?token=",C17,"&token2=") -> https://jenkins.werfen.com/job/WeListen/job/Production%20environment/job/QA%20Transports/job/Deploy%20site/buildWithParameters?token=welistenRelease&token2= | I17: =_xlfn.CONCAT("https://jenkins.werfen.com/",D17,"?token=",C17) -> https://jenkins.werfen.com/job/WeListen/job/Production%20environment/job/QA%20Transports/job/Deploy%20site/?token=welistenRelease | J17: 0
A18: Welisten | B18: =CONCATENATE($I$4," ",I18,CHAR(10),CHAR(13),CHAR(10),CHAR(13),$H$4," ",H18) -> JENKINS_RESULT https://jenkins.werfen.com/job/WeListen/job/Production%20environment/job/QA%20Transports/job/Deploy%20release/?token=welistenRelease1 _x000D_ _x000D_JENKINS_TRANSPORT https://jenkins.werfen.com/job/WeListen/job/Production%20environment/job/QA%20Transports/job/Deploy%20release/buildWithParameters?token=welistenRelease1&token2= | C18: welistenRelease1 | D18: job/WeListen/job/Production%20environment/job/QA%20Transports/job/Deploy%20release/ | E18: buildWithParameters | G18: WeListen release | H18: =CONCATENATE("https://jenkins.werfen.com/",D18,E18,"?token=",C18,"&token2=") -> https://jenkins.werfen.com/job/WeListen/job/Production%20environment/job/QA%20Transports/job/Deploy%20release/buildWithParameters?token=welistenRelease1&token2= | I18: =_xlfn.CONCAT("https://jenkins.werfen.com/",D18,"?token=",C18) -> https://jenkins.werfen.com/job/WeListen/job/Production%20environment/job/QA%20Transports/job/Deploy%20release/?token=welistenRelease1 | J18: 1
A19: Welisten | B19: =CONCATENATE($I$4," ",I19,CHAR(10),CHAR(13),CHAR(10),CHAR(13),$H$4," ",H19) -> JENKINS_RESULT https://jenkins.werfen.com/job/WeListen/job/Production%20environment/job/QA%20Transports/job/Deploy%20hotfix/?token=welistenHotfix _x000D_ _x000D_JENKINS_TRANSPORT https://jenkins.werfen.com/job/WeListen/job/Production%20environment/job/QA%20Transports/job/Deploy%20hotfix/buildWithParameters?token=welistenHotfix&token2= | C19: welistenHotfix | D19: job/WeListen/job/Production%20environment/job/QA%20Transports/job/Deploy%20hotfix/ | E19: buildWithParameters | G19: WeListen hotfix | H19: =CONCATENATE("https://jenkins.werfen.com/",D19,E19,"?token=",C19,"&token2=") -> https://jenkins.werfen.com/job/WeListen/job/Production%20environment/job/QA%20Transports/job/Deploy%20hotfix/buildWithParameters?token=welistenHotfix&token2= | I19: =_xlfn.CONCAT("https://jenkins.werfen.com/",D19,"?token=",C19) -> https://jenkins.werfen.com/job/WeListen/job/Production%20environment/job/QA%20Transports/job/Deploy%20hotfix/?token=welistenHotfix | J19: 1
A20: Webs | B20: =CONCATENATE($I$4," ",I20,CHAR(10),CHAR(13),CHAR(10),CHAR(13),$H$4," ",H20) -> JENKINS_RESULT https://jenkins.werfen.com/job/Werfen%20websites/job/Production%20environment/job/QA%20Transports/job/Werfen%20FR/?token=WerfenFRRelease _x000D_ _x000D_JENKINS_TRANSPORT https://jenkins.werfen.com/job/Werfen%20websites/job/Production%20environment/job/QA%20Transports/job/Werfen%20FR/buildWithParameters?token=WerfenFRRelease&token2= | C20: WerfenFRRelease | D20: job/Werfen%20websites/job/Production%20environment/job/QA%20Transports/job/Werfen%20FR/ | E20: buildWithParameters | F20: 9 | G20: Website FRANCE legacy | H20: =CONCATENATE("https://jenkins.werfen.com/",D20,E20,"?token=",C20,"&token2=") -> https://jenkins.werfen.com/job/Werfen%20websites/job/Production%20environment/job/QA%20Transports/job/Werfen%20FR/buildWithParameters?token=WerfenFRRelease&token2= | I20: =_xlfn.CONCAT("https://jenkins.werfen.com/",D20,"?token=",C20) -> https://jenkins.werfen.com/job/Werfen%20websites/job/Production%20environment/job/QA%20Transports/job/Werfen%20FR/?token=WerfenFRRelease | J20: 0
A21: Webs | B21: =CONCATENATE($I$4," ",I21,CHAR(10),CHAR(13),CHAR(10),CHAR(13),$H$4," ",H21) -> JENKINS_RESULT https://jenkins.werfen.com/job/Werfen%20websites/job/Production%20environment/job/QA%20Transports/job/Werfen%20FR%20release/?token=WerfenFRRelease1 _x000D_ _x000D_JENKINS_TRANSPORT https://jenkins.werfen.com/job/Werfen%20websites/job/Production%20environment/job/QA%20Transports/job/Werfen%20FR%20release/buildWithParameters?token=WerfenFRRelease1&token2= | C21: WerfenFRRelease1 | D21: job/Werfen%20websites/job/Production%20environment/job/QA%20Transports/job/Werfen%20FR%20release/ | E21: buildWithParameters | G21: Website FRANCE release | H21: =CONCATENATE("https://jenkins.werfen.com/",D21,E21,"?token=",C21,"&token2=") -> https://jenkins.werfen.com/job/Werfen%20websites/job/Production%20environment/job/QA%20Transports/job/Werfen%20FR%20release/buildWithParameters?token=WerfenFRRelease1&token2= | I21: =_xlfn.CONCAT("https://jenkins.werfen.com/",D21,"?token=",C21) -> https://jenkins.werfen.com/job/Werfen%20websites/job/Production%20environment/job/QA%20Transports/job/Werfen%20FR%20release/?token=WerfenFRRelease1 | J21: 1
A22: Webs | B22: =CONCATENATE($I$4," ",I22,CHAR(10),CHAR(13),CHAR(10),CHAR(13),$H$4," ",H22) -> JENKINS_RESULT https://jenkins.werfen.com/job/Werfen%20websites/job/Production%20environment/job/QA%20Transports/job/Werfen%20FR%20hotifx/?token=WerfenFRHotfix _x000D_ _x000D_JENKINS_TRANSPORT https://jenkins.werfen.com/job/Werfen%20websites/job/Production%20environment/job/QA%20Transports/job/Werfen%20FR%20hotifx/buildWithParameters?token=WerfenFRHotfix&token2= | C22: WerfenFRHotfix | D22: job/Werfen%20websites/job/Production%20environment/job/QA%20Transports/job/Werfen%20FR%20hotifx/ | E22: buildWithParameters | G22: Website FRANCE hotfix | H22: =CONCATENATE("https://jenkins.werfen.com/",D22,E22,"?token=",C22,"&token2=") -> https://jenkins.werfen.com/job/Werfen%20websites/job/Production%20environment/job/QA%20Transports/job/Werfen%20FR%20hotifx/buildWithParameters?token=WerfenFRHotfix&token2= | I22: =_xlfn.CONCAT("https://jenkins.werfen.com/",D22,"?token=",C22) -> https://jenkins.werfen.com/job/Werfen%20websites/job/Production%20environment/job/QA%20Transports/job/Werfen%20FR%20hotifx/?token=WerfenFRHotfix | J22: 1
A23: Webs | B23: =CONCATENATE($I$4," ",I23,CHAR(10),CHAR(13),CHAR(10),CHAR(13),$H$4," ",H23) -> JENKINS_RESULT https://jenkins.werfen.com/job/Werfen%20websites/job/Production%20environment/job/QA%20Transports/job/Werfen%20IT/?token=WerfenITRelease _x000D_ _x000D_JENKINS_TRANSPORT https://jenkins.werfen.com/job/Werfen%20websites/job/Production%20environment/job/QA%20Transports/job/Werfen%20IT/buildWithParameters?token=WerfenITRelease&token2= | C23: WerfenITRelease | D23: job/Werfen%20websites/job/Production%20environment/job/QA%20Transports/job/Werfen%20IT/ | E23: buildWithParameters | F23: 11 | G23: Website Italy legacy | H23: =CONCATENATE("https://jenkins.werfen.com/",D23,E23,"?token=",C23,"&token2=") -> https://jenkins.werfen.com/job/Werfen%20websites/job/Production%20environment/job/QA%20Transports/job/Werfen%20IT/buildWithParameters?token=WerfenITRelease&token2= | I23: =_xlfn.CONCAT("https://jenkins.werfen.com/",D23,"?token=",C23) -> https://jenkins.werfen.com/job/Werfen%20websites/job/Production%20environment/job/QA%20Transports/job/Werfen%20IT/?token=WerfenITRelease | J23: 0
A24: Webs | B24: =CONCATENATE($I$4," ",I24,CHAR(10),CHAR(13),CHAR(10),CHAR(13),$H$4," ",H24) -> JENKINS_RESULT https://jenkins.werfen.com/job/Werfen%20websites/job/Production%20environment/job/QA%20Transports/job/Werfen%20IT%20release/?token=WerfenITRelease1 _x000D_ _x000D_JENKINS_TRANSPORT https://jenkins.werfen.com/job/Werfen%20websites/job/Production%20environment/job/QA%20Transports/job/Werfen%20IT%20release/buildWithParameters?token=WerfenITRelease1&token2= | C24: WerfenITRelease1 | D24: job/Werfen%20websites/job/Production%20environment/job/QA%20Transports/job/Werfen%20IT%20release/ | E24: buildWithParameters | G24: Website Italy release | H24: =CONCATENATE("https://jenkins.werfen.com/",D24,E24,"?token=",C24,"&token2=") -> https://jenkins.werfen.com/job/Werfen%20websites/job/Production%20environment/job/QA%20Transports/job/Werfen%20IT%20release/buildWithParameters?token=WerfenITRelease1&token2= | I24: =_xlfn.CONCAT("https://jenkins.werfen.com/",D24,"?token=",C24) -> https://jenkins.werfen.com/job/Werfen%20websites/job/Production%20environment/job/QA%20Transports/job/Werfen%20IT%20release/?token=WerfenITRelease1 | J24: 1
A25: Webs | B25: =CONCATENATE($I$4," ",I25,CHAR(10),CHAR(13),CHAR(10),CHAR(13),$H$4," ",H25) -> JENKINS_RESULT https://jenkins.werfen.com/job/Werfen%20websites/job/Production%20environment/job/QA%20Transports/job/Werfen%20IT%20hotfix/?token=WerfenITHotfix _x000D_ _x000D_JENKINS_TRANSPORT https://jenkins.werfen.com/job/Werfen%20websites/job/Production%20environment/job/QA%20Transports/job/Werfen%20IT%20hotfix/buildWithParameters?token=WerfenITHotfix&token2= | C25: WerfenITHotfix | D25: job/Werfen%20websites/job/Production%20environment/job/QA%20Transports/job/Werfen%20IT%20hotfix/ | E25: buildWithParameters | G25: Website Italy hotfix | H25: =CONCATENATE("https://jenkins.werfen.com/",D25,E25,"?token=",C25,"&token2=") -> https://jenkins.werfen.com/job/Werfen%20websites/job/Production%20environment/job/QA%20Transports/job/Werfen%20IT%20hotfix/buildWithParameters?token=WerfenITHotfix&token2= | I25: =_xlfn.CONCAT("https://jenkins.werfen.com/",D25,"?token=",C25) -> https://jenkins.werfen.com/job/Werfen%20websites/job/Production%20environment/job/QA%20Transports/job/Werfen%20IT%20hotfix/?token=WerfenITHotfix | J25: 1
A26: Webs | B26: =CONCATENATE($I$4," ",I26,CHAR(10),CHAR(13),CHAR(10),CHAR(13),$H$4," ",H26) -> JENKINS_RESULT https://jenkins.werfen.com/job/Werfen%20websites/job/Production%20environment/job/QA%20Transports/job/Werfen%20UK/?token=WerfenUKRelease _x000D_ _x000D_JENKINS_TRANSPORT https://jenkins.werfen.com/job/Werfen%20websites/job/Production%20environment/job/QA%20Transports/job/Werfen%20UK/buildWithParameters?token=WerfenUKRelease&token2= | C26: WerfenUKRelease | D26: job/Werfen%20websites/job/Production%20environment/job/QA%20Transports/job/Werfen%20UK/ | E26: buildWithParameters | F26: 24 | G26: Website UK legacy | H26: =CONCATENATE("https://jenkins.werfen.com/",D26,E26,"?token=",C26,"&token2=") -> https://jenkins.werfen.com/job/Werfen%20websites/job/Production%20environment/job/QA%20Transports/job/Werfen%20UK/buildWithParameters?token=WerfenUKRelease&token2= | I26: =_xlfn.CONCAT("https://jenkins.werfen.com/",D26,"?token=",C26) -> https://jenkins.werfen.com/job/Werfen%20websites/job/Production%20environment/job/QA%20Transports/job/Werfen%20UK/?token=WerfenUKRelease | J26: 0
A27: Webs | B27: =CONCATENATE($I$4," ",I27,CHAR(10),CHAR(13),CHAR(10),CHAR(13),$H$4," ",H27) -> JENKINS_RESULT https://jenkins.werfen.com/job/Werfen%20websites/job/Production%20environment/job/QA%20Transports/job/Werfen%20UK%20release/?token=WerfenUKRelease1 _x000D_ _x000D_JENKINS_TRANSPORT https://jenkins.werfen.com/job/Werfen%20websites/job/Production%20environment/job/QA%20Transports/job/Werfen%20UK%20release/buildWithParameters?token=WerfenUKRelease1&token2= | C27: WerfenUKRelease1 | D27: job/Werfen%20websites/job/Production%20environment/job/QA%20Transports/job/Werfen%20UK%20release/ | E27: buildWithParameters | G27: Website UK release | H27: =CONCATENATE("https://jenkins.werfen.com/",D27,E27,"?token=",C27,"&token2=") -> https://jenkins.werfen.com/job/Werfen%20websites/job/Production%20environment/job/QA%20Transports/job/Werfen%20UK%20release/buildWithParameters?token=WerfenUKRelease1&token2= | I27: =_xlfn.CONCAT("https://jenkins.werfen.com/",D27,"?token=",C27) -> https://jenkins.werfen.com/job/Werfen%20websites/job/Production%20environment/job/QA%20Transports/job/Werfen%20UK%20release/?token=WerfenUKRelease1 | J27: 1
A28: Webs | B28: =CONCATENATE($I$4," ",I28,CHAR(10),CHAR(13),CHAR(10),CHAR(13),$H$4," ",H28) -> JENKINS_RESULT https://jenkins.werfen.com/job/Werfen%20websites/job/Production%20environment/job/QA%20Transports/job/Werfen%20UK%20hotfix/?token=WerfenUKHotfix _x000D_ _x000D_JENKINS_TRANSPORT https://jenkins.werfen.com/job/Werfen%20websites/job/Production%20environment/job/QA%20Transports/job/Werfen%20UK%20hotfix/buildWithParameters?token=WerfenUKHotfix&token2= | C28: WerfenUKHotfix | D28: job/Werfen%20websites/job/Production%20environment/job/QA%20Transports/job/Werfen%20UK%20hotfix/ | E28: buildWithParameters | G28: Website UK hotfix | H28: =CONCATENATE("https://jenkins.werfen.com/",D28,E28,"?token=",C28,"&token2=") -> https://jenkins.werfen.com/job/Werfen%20websites/job/Production%20environment/job/QA%20Transports/job/Werfen%20UK%20hotfix/buildWithParameters?token=WerfenUKHotfix&token2= | I28: =_xlfn.CONCAT("https://jenkins.werfen.com/",D28,"?token=",C28) -> https://jenkins.werfen.com/job/Werfen%20websites/job/Production%20environment/job/QA%20Transports/job/Werfen%20UK%20hotfix/?token=WerfenUKHotfix | J28: 1
A29: Webs | B29: =CONCATENATE($I$4," ",I29,CHAR(10),CHAR(13),CHAR(10),CHAR(13),$H$4," ",H29) -> JENKINS_RESULT https://jenkins.werfen.com/job/Werfen%20websites/job/Production%20environment/job/QA%20Transports/job/Werfen%20WW/?token=WerfenWWRelease _x000D_ _x000D_JENKINS_TRANSPORT https://jenkins.werfen.com/job/Werfen%20websites/job/Production%20environment/job/QA%20Transports/job/Werfen%20WW/buildWithParameters?token=WerfenWWRelease&token2= | C29: WerfenWWRelease | D29: job/Werfen%20websites/job/Production%20environment/job/QA%20Transports/job/Werfen%20WW/ | E29: buildWithParameters | F29: 2 | G29: Website Corporate legacy | H29: =CONCATENATE("https://jenkins.werfen.com/",D29,E29,"?token=",C29,"&token2=") -> https://jenkins.werfen.com/job/Werfen%20websites/job/Production%20environment/job/QA%20Transports/job/Werfen%20WW/buildWithParameters?token=WerfenWWRelease&token2= | I29: =_xlfn.CONCAT("https://jenkins.werfen.com/",D29,"?token=",C29) -> https://jenkins.werfen.com/job/Werfen%20websites/job/Production%20environment/job/QA%20Transports/job/Werfen%20WW/?token=WerfenWWRelease | J29: 0
A30: Webs | B30: =CONCATENATE($I$4," ",I30,CHAR(10),CHAR(13),CHAR(10),CHAR(13),$H$4," ",H30) -> JENKINS_RESULT https://jenkins.werfen.com/job/Werfen%20websites/job/Production%20environment/job/QA%20Transports/job/Werfen%20WW%20release/?token=WerfenWWRelease1 _x000D_ _x000D_JENKINS_TRANSPORT https://jenkins.werfen.com/job/Werfen%20websites/job/Production%20environment/job/QA%20Transports/job/Werfen%20WW%20release/buildWithParameters?token=WerfenWWRelease1&token2= | C30: WerfenWWRelease1 | D30: job/Werfen%20websites/job/Production%20environment/job/QA%20Transports/job/Werfen%20WW%20release/ | E30: buildWithParameters | G30: Website Corporate release | H30: =CONCATENATE("https://jenkins.werfen.com/",D30,E30,"?token=",C30,"&token2=") -> https://jenkins.werfen.com/job/Werfen%20websites/job/Production%20environment/job/QA%20Transports/job/Werfen%20WW%20release/buildWithParameters?token=WerfenWWRelease1&token2= | I30: =_xlfn.CONCAT("https://jenkins.werfen.com/",D30,"?token=",C30) -> https://jenkins.werfen.com/job/Werfen%20websites/job/Production%20environment/job/QA%20Transports/job/Werfen%20WW%20release/?token=WerfenWWRelease1 | J30: 1
A31: Webs | B31: =CONCATENATE($I$4," ",I31,CHAR(10),CHAR(13),CHAR(10),CHAR(13),$H$4," ",H31) -> JENKINS_RESULT https://jenkins.werfen.com/job/Werfen%20websites/job/Production%20environment/job/QA%20Transports/job/Werfen%20WW%20hotfix/?token=WerfenWWHotfix _x000D_ _x000D_JENKINS_TRANSPORT https://jenkins.werfen.com/job/Werfen%20websites/job/Production%20environment/job/QA%20Transports/job/Werfen%20WW%20hotfix/buildWithParameters?token=WerfenWWHotfix&token2= | C31: WerfenWWHotfix | D31: job/Werfen%20websites/job/Production%20environment/job/QA%20Transports/job/Werfen%20WW%20hotfix/ | E31: buildWithParameters | G31: Website Corporate hotfix | H31: =CONCATENATE("https://jenkins.werfen.com/",D31,E31,"?token=",C31,"&token2=") -> https://jenkins.werfen.com/job/Werfen%20websites/job/Production%20environment/job/QA%20Transports/job/Werfen%20WW%20hotfix/buildWithParameters?token=WerfenWWHotfix&token2= | I31: =_xlfn.CONCAT("https://jenkins.werfen.com/",D31,"?token=",C31) -> https://jenkins.werfen.com/job/Werfen%20websites/job/Production%20environment/job/QA%20Transports/job/Werfen%20WW%20hotfix/?token=WerfenWWHotfix | J31: 1
A32: Webs | B32: =CONCATENATE($I$4," ",I32,CHAR(10),CHAR(13),CHAR(10),CHAR(13),$H$4," ",H32) -> JENKINS_RESULT https://jenkins.werfen.com/job/Werfen%20websites/job/Production%20environment/job/QA%20Transports/job/Werfen%20MX/?token=WerfenMXRelease _x000D_ _x000D_JENKINS_TRANSPORT https://jenkins.werfen.com/job/Werfen%20websites/job/Production%20environment/job/QA%20Transports/job/Werfen%20MX/buildWithParameters?token=WerfenMXRelease&token2= | C32: WerfenMXRelease | D32: job/Werfen%20websites/job/Production%20environment/job/QA%20Transports/job/Werfen%20MX/ | E32: buildWithParameters | F32: 18 | G32: Website Mexico legacy | H32: =CONCATENATE("https://jenkins.werfen.com/",D32,E32,"?token=",C32,"&token2=") -> https://jenkins.werfen.com/job/Werfen%20websites/job/Production%20environment/job/QA%20Transports/job/Werfen%20MX/buildWithParameters?token=WerfenMXRelease&token2= | I32: =_xlfn.CONCAT("https://jenkins.werfen.com/",D32,"?token=",C32) -> https://jenkins.werfen.com/job/Werfen%20websites/job/Production%20environment/job/QA%20Transports/job/Werfen%20MX/?token=WerfenMXRelease | J32: 0
A33: Webs | B33: =CONCATENATE($I$4," ",I33,CHAR(10),CHAR(13),CHAR(10),CHAR(13),$H$4," ",H33) -> JENKINS_RESULT https://jenkins.werfen.com/job/Werfen%20websites/job/Production%20environment/job/QA%20Transports/job/Werfen%20MX%20release/?token=WerfenMXRelease1 _x000D_ _x000D_JENKINS_TRANSPORT https://jenkins.werfen.com/job/Werfen%20websites/job/Production%20environment/job/QA%20Transports/job/Werfen%20MX%20release/buildWithParameters?token=WerfenMXRelease1&token2= | C33: WerfenMXRelease1 | D33: job/Werfen%20websites/job/Production%20environment/job/QA%20Transports/job/Werfen%20MX%20release/ | E33: buildWithParameters | G33: Website Mexico release | H33: =CONCATENATE("https://jenkins.werfen.com/",D33,E33,"?token=",C33,"&token2=") -> https://jenkins.werfen.com/job/Werfen%20websites/job/Production%20environment/job/QA%20Transports/job/Werfen%20MX%20release/buildWithParameters?token=WerfenMXRelease1&token2= | I33: =_xlfn.CONCAT("https://jenkins.werfen.com/",D33,"?token=",C33) -> https://jenkins.werfen.com/job/Werfen%20websites/job/Production%20environment/job/QA%20Transports/job/Werfen%20MX%20release/?token=WerfenMXRelease1 | J33: 1
A34: Webs | B34: =CONCATENATE($I$4," ",I34,CHAR(10),CHAR(13),CHAR(10),CHAR(13),$H$4," ",H34) -> JENKINS_RESULT https://jenkins.werfen.com/job/Werfen%20websites/job/Production%20environment/job/QA%20Transports/job/Werfen%20MX%20hotfix/?token=WerfenMXHotfix _x000D_ _x000D_JENKINS_TRANSPORT https://jenkins.werfen.com/job/Werfen%20websites/job/Production%20environment/job/QA%20Transports/job/Werfen%20MX%20hotfix/buildWithParameters?token=WerfenMXHotfix&token2= | C34: WerfenMXHotfix | D34: job/Werfen%20websites/job/Production%20environment/job/QA%20Transports/job/Werfen%20MX%20hotfix/ | E34: buildWithParameters | G34: Website Mexico hotfix | H34: =CONCATENATE("https://jenkins.werfen.com/",D34,E34,"?token=",C34,"&token2=") -> https://jenkins.werfen.com/job/Werfen%20websites/job/Production%20environment/job/QA%20Transports/job/Werfen%20MX%20hotfix/buildWithParameters?token=WerfenMXHotfix&token2= | I34: =_xlfn.CONCAT("https://jenkins.werfen.com/",D34,"?token=",C34) -> https://jenkins.werfen.com/job/Werfen%20websites/job/Production%20environment/job/QA%20Transports/job/Werfen%20MX%20hotfix/?token=WerfenMXHotfix | J34: 1
A35: Webs | B35: =CONCATENATE($I$4," ",I35,CHAR(10),CHAR(13),CHAR(10),CHAR(13),$H$4," ",H35) -> JENKINS_RESULT https://jenkins.werfen.com/job/Werfen%20websites/job/Production%20environment/job/QA%20Transports/job/Werfen%20ES/?token=WerfenESRelease _x000D_ _x000D_JENKINS_TRANSPORT https://jenkins.werfen.com/job/Werfen%20websites/job/Production%20environment/job/QA%20Transports/job/Werfen%20ES/buildWithParameters?token=WerfenESRelease&token2= | C35: WerfenESRelease | D35: job/Werfen%20websites/job/Production%20environment/job/QA%20Transports/job/Werfen%20ES/ | E35: buildWithParameters | F35: 23 | G35: Website Spain legacy | H35: =CONCATENATE("https://jenkins.werfen.com/",D35,E35,"?token=",C35,"&token2=") -> https://jenkins.werfen.com/job/Werfen%20websites/job/Production%20environment/job/QA%20Transports/job/Werfen%20ES/buildWithParameters?token=WerfenESRelease&token2= | I35: =_xlfn.CONCAT("https://jenkins.werfen.com/",D35,"?token=",C35) -> https://jenkins.werfen.com/job/Werfen%20websites/job/Production%20environment/job/QA%20Transports/job/Werfen%20ES/?token=WerfenESRelease | J35: 0
A36: Webs | B36: =CONCATENATE($I$4," ",I36,CHAR(10),CHAR(13),CHAR(10),CHAR(13),$H$4," ",H36) -> JENKINS_RESULT https://jenkins.werfen.com/job/Werfen%20websites/job/Production%20environment/job/QA%20Transports/job/Werfen%20ES%20release/?token=WerfenESRelease1 _x000D_ _x000D_JENKINS_TRANSPORT https://jenkins.werfen.com/job/Werfen%20websites/job/Production%20environment/job/QA%20Transports/job/Werfen%20ES%20release/buildWithParameters?token=WerfenESRelease1&token2= | C36: WerfenESRelease1 | D36: job/Werfen%20websites/job/Production%20environment/job/QA%20Transports/job/Werfen%20ES%20release/ | E36: buildWithParameters | G36: Website Spain release | H36: =CONCATENATE("https://jenkins.werfen.com/",D36,E36,"?token=",C36,"&token2=") -> https://jenkins.werfen.com/job/Werfen%20websites/job/Production%20environment/job/QA%20Transports/job/Werfen%20ES%20release/buildWithParameters?token=WerfenESRelease1&token2= | I36: =_xlfn.CONCAT("https://jenkins.werfen.com/",D36,"?token=",C36) -> https://jenkins.werfen.com/job/Werfen%20websites/job/Production%20environment/job/QA%20Transports/job/Werfen%20ES%20release/?token=WerfenESRelease1 | J36: 1
A37: Webs | B37: =CONCATENATE($I$4," ",I37,CHAR(10),CHAR(13),CHAR(10),CHAR(13),$H$4," ",H37) -> JENKINS_RESULT https://jenkins.werfen.com/job/Werfen%20websites/job/Production%20environment/job/QA%20Transports/job/Werfen%20ES%20hotfix/?token=WerfenESHotfix _x000D_ _x000D_JENKINS_TRANSPORT https://jenkins.werfen.com/job/Werfen%20websites/job/Production%20environment/job/QA%20Transports/job/Werfen%20ES%20hotfix/buildWithParameters?token=WerfenESHotfix&token2= | C37: WerfenESHotfix | D37: job/Werfen%20websites/job/Production%20environment/job/QA%20Transports/job/Werfen%20ES%20hotfix/ | E37: buildWithParameters | G37: Website Spain hotfix | H37: =CONCATENATE("https://jenkins.werfen.com/",D37,E37,"?token=",C37,"&token2=") -> https://jenkins.werfen.com/job/Werfen%20websites/job/Production%20environment/job/QA%20Transports/job/Werfen%20ES%20hotfix/buildWithParameters?token=WerfenESHotfix&token2= | I37: =_xlfn.CONCAT("https://jenkins.werfen.com/",D37,"?token=",C37) -> https://jenkins.werfen.com/job/Werfen%20websites/job/Production%20environment/job/QA%20Transports/job/Werfen%20ES%20hotfix/?token=WerfenESHotfix | J37: 1
A38: Webs | B38: =CONCATENATE($I$4," ",I38,CHAR(10),CHAR(13),CHAR(10),CHAR(13),$H$4," ",H38) -> JENKINS_RESULT https://jenkins.werfen.com/job/Werfen%20websites/job/Production%20environment/job/QA%20Transports/job/Werfen%20Benelux/?token=WerfenBeneluxRelease _x000D_ _x000D_JENKINS_TRANSPORT https://jenkins.werfen.com/job/Werfen%20websites/job/Production%20environment/job/QA%20Transports/job/Werfen%20Benelux/buildWithParameters?token=WerfenBeneluxRelease&token2= | C38: WerfenBeneluxRelease | D38: job/Werfen%20websites/job/Production%20environment/job/QA%20Transports/job/Werfen%20Benelux/ | E38: buildWithParameters | F38: 5 | G38: Website Benelux legacy | H38: =CONCATENATE("https://jenkins.werfen.com/",D38,E38,"?token=",C38,"&token2=") -> https://jenkins.werfen.com/job/Werfen%20websites/job/Production%20environment/job/QA%20Transports/job/Werfen%20Benelux/buildWithParameters?token=WerfenBeneluxRelease&token2= | I38: =_xlfn.CONCAT("https://jenkins.werfen.com/",D38,"?token=",C38) -> https://jenkins.werfen.com/job/Werfen%20websites/job/Production%20environment/job/QA%20Transports/job/Werfen%20Benelux/?token=WerfenBeneluxRelease | J38: 0
A39: Webs | B39: =CONCATENATE($I$4," ",I39,CHAR(10),CHAR(13),CHAR(10),CHAR(13),$H$4," ",H39) -> JENKINS_RESULT https://jenkins.werfen.com/job/Werfen%20websites/job/Production%20environment/job/QA%20Transports/job/Werfen%20Benelux%20release/?token=WerfenBeneluxRelease1 _x000D_ _x000D_JENKINS_TRANSPORT https://jenkins.werfen.com/job/Werfen%20websites/job/Production%20environment/job/QA%20Transports/job/Werfen%20Benelux%20release/buildWithParameters?token=WerfenBeneluxRelease1&token2= | C39: WerfenBeneluxRelease1 | D39: job/Werfen%20websites/job/Production%20environment/job/QA%20Transports/job/Werfen%20Benelux%20release/ | E39: buildWithParameters | G39: Website Benelux release | H39: =CONCATENATE("https://jenkins.werfen.com/",D39,E39,"?token=",C39,"&token2=") -> https://jenkins.werfen.com/job/Werfen%20websites/job/Production%20environment/job/QA%20Transports/job/Werfen%20Benelux%20release/buildWithParameters?token=WerfenBeneluxRelease1&token2= | I39: =_xlfn.CONCAT("https://jenkins.werfen.com/",D39,"?token=",C39) -> https://jenkins.werfen.com/job/Werfen%20websites/job/Production%20environment/job/QA%20Transports/job/Werfen%20Benelux%20release/?token=WerfenBeneluxRelease1 | J39: 1
A40: Webs | B40: =CONCATENATE($I$4," ",I40,CHAR(10),CHAR(13),CHAR(10),CHAR(13),$H$4," ",H40) -> JENKINS_RESULT https://jenkins.werfen.com/job/Werfen%20websites/job/Production%20environment/job/QA%20Transports/job/Werfen%20Benelux%20hotfix/?token=WerfenBeneluxHotfix _x000D_ _x000D_JENKINS_TRANSPORT https://jenkins.werfen.com/job/Werfen%20websites/job/Production%20environment/job/QA%20Transports/job/Werfen%20Benelux%20hotfix/buildWithParameters?token=WerfenBeneluxHotfix&token2= | C40: WerfenBeneluxHotfix | D40: job/Werfen%20websites/job/Production%20environment/job/QA%20Transports/job/Werfen%20Benelux%20hotfix/ | E40: buildWithParameters | G40: Website Benelux hotfix | H40: =CONCATENATE("https://jenkins.werfen.com/",D40,E40,"?token=",C40,"&token2=") -> https://jenkins.werfen.com/job/Werfen%20websites/job/Production%20environment/job/QA%20Transports/job/Werfen%20Benelux%20hotfix/buildWithParameters?token=WerfenBeneluxHotfix&token2= | I40: =_xlfn.CONCAT("https://jenkins.werfen.com/",D40,"?token=",C40) -> https://jenkins.werfen.com/job/Werfen%20websites/job/Production%20environment/job/QA%20Transports/job/Werfen%20Benelux%20hotfix/?token=WerfenBeneluxHotfix | J40: 1
A41: WeNet | B41: =CONCATENATE($I$4," ",I41,CHAR(10),CHAR(13),CHAR(10),CHAR(13),$H$4," ",H41) -> JENKINS_RESULT https://jenkins.werfen.com/job/WeNet/job/Production%20environment/job/QA%20Transports/job/SSM%20website/?token=wenetSSMweb _x000D_ _x000D_JENKINS_TRANSPORT https://jenkins.werfen.com/job/WeNet/job/Production%20environment/job/QA%20Transports/job/SSM%20website/buildWithParameters?token=wenetSSMweb&token2= | C41: wenetSSMweb | D41: job/WeNet/job/Production%20environment/job/QA%20Transports/job/SSM%20website/ | E41: buildWithParameters | F41: 27 | G41: SSM web legacy | H41: =CONCATENATE("https://jenkins.werfen.com/",D41,E41,"?token=",C41,"&token2=") -> https://jenkins.werfen.com/job/WeNet/job/Production%20environment/job/QA%20Transports/job/SSM%20website/buildWithParameters?token=wenetSSMweb&token2= | I41: =_xlfn.CONCAT("https://jenkins.werfen.com/",D41,"?token=",C41) -> https://jenkins.werfen.com/job/WeNet/job/Production%20environment/job/QA%20Transports/job/SSM%20website/?token=wenetSSMweb | J41: 0
A42: WeNet | B42: =CONCATENATE($I$4," ",I42,CHAR(10),CHAR(13),CHAR(10),CHAR(13),$H$4," ",H42) -> JENKINS_RESULT https://jenkins.werfen.com/job/WeNet/job/Production%20environment/job/QA%20Transports/job/Deploy%20site/?token=wenetRelease _x000D_ _x000D_JENKINS_TRANSPORT https://jenkins.werfen.com/job/WeNet/job/Production%20environment/job/QA%20Transports/job/Deploy%20site/buildWithParameters?token=wenetRelease&token2= | C42: wenetRelease | D42: job/WeNet/job/Production%20environment/job/QA%20Transports/job/Deploy%20site/ | E42: buildWithParameters | F42: 26 | G42: WeNet legacy | H42: =CONCATENATE("https://jenkins.werfen.com/",D42,E42,"?token=",C42,"&token2=") -> https://jenkins.werfen.com/job/WeNet/job/Production%20environment/job/QA%20Transports/job/Deploy%20site/buildWithParameters?token=wenetRelease&token2= | I42: =_xlfn.CONCAT("https://jenkins.werfen.com/",D42,"?token=",C42) -> https://jenkins.werfen.com/job/WeNet/job/Production%20environment/job/QA%20Transports/job/Deploy%20site/?token=wenetRelease | J42: 0
A43: WeNet | B43: =CONCATENATE($I$4," ",I43,CHAR(10),CHAR(13),CHAR(10),CHAR(13),$H$4," ",H43) -> JENKINS_RESULT https://jenkins.werfen.com/job/WeNet/job/Production%20environment/job/QA%20Transports/job/Deploy%20release/?token=wenetRelease1 _x000D_ _x000D_JENKINS_TRANSPORT https://jenkins.werfen.com/job/WeNet/job/Production%20environment/job/QA%20Transports/job/Deploy%20release/buildWithParameters?token=wenetRelease1&token2= | C43: wenetRelease1 | D43: job/WeNet/job/Production%20environment/job/QA%20Transports/job/Deploy%20release/ | E43: buildWithParameters | G43: WeNet release | H43: =CONCATENATE("https://jenkins.werfen.com/",D43,E43,"?token=",C43,"&token2=") -> https://jenkins.werfen.com/job/WeNet/job/Production%20environment/job/QA%20Transports/job/Deploy%20release/buildWithParameters?token=wenetRelease1&token2= | I43: =_xlfn.CONCAT("https://jenkins.werfen.com/",D43,"?token=",C43) -> https://jenkins.werfen.com/job/WeNet/job/Production%20environment/job/QA%20Transports/job/Deploy%20release/?token=wenetRelease1 | J43: 1
A44: WeNet | B44: =CONCATENATE($I$4," ",I44,CHAR(10),CHAR(13),CHAR(10),CHAR(13),$H$4," ",H44) -> JENKINS_RESULT https://jenkins.werfen.com/job/WeNet/job/Production%20environment/job/QA%20Transports/job/Deploy%20hotfix/?token=wenetHotfix _x000D_ _x000D_JENKINS_TRANSPORT https://jenkins.werfen.com/job/WeNet/job/Production%20environment/job/QA%20Transports/job/Deploy%20hotfix/buildWithParameters?token=wenetHotfix&token2= | C44: wenetHotfix | D44: job/WeNet/job/Production%20environment/job/QA%20Transports/job/Deploy%20hotfix/ | E44: buildWithParameters | G44: WeNet hotfix | H44: =CONCATENATE("https://jenkins.werfen.com/",D44,E44,"?token=",C44,"&token2=") -> https://jenkins.werfen.com/job/WeNet/job/Production%20environment/job/QA%20Transports/job/Deploy%20hotfix/buildWithParameters?token=wenetHotfix&token2= | I44: =_xlfn.CONCAT("https://jenkins.werfen.com/",D44,"?token=",C44) -> https://jenkins.werfen.com/job/WeNet/job/Production%20environment/job/QA%20Transports/job/Deploy%20hotfix/?token=wenetHotfix | J44: 1
A45: Webs | B45: =CONCATENATE($I$4," ",I45,CHAR(10),CHAR(13),CHAR(10),CHAR(13),$H$4," ",H45) -> JENKINS_RESULT https://jenkins.werfen.com/job/Werfen%20websites/job/Production%20environment/job/QA%20Transports/job/QLikSense%20Release/?token=QlikSenseRelease _x000D_ _x000D_JENKINS_TRANSPORT https://jenkins.werfen.com/job/Werfen%20websites/job/Production%20environment/job/QA%20Transports/job/QLikSense%20Release/buildWithParameters?token=QlikSenseRelease&token2= | C45: QlikSenseRelease | D45: job/Werfen%20websites/job/Production%20environment/job/QA%20Transports/job/QLikSense%20Release/ | E45: buildWithParameters | F45: 25 | G45: Website BI (QlikSense) legacy | H45: =CONCATENATE("https://jenkins.werfen.com/",D45,E45,"?token=",C45,"&token2=") -> https://jenkins.werfen.com/job/Werfen%20websites/job/Production%20environment/job/QA%20Transports/job/QLikSense%20Release/buildWithParameters?token=QlikSenseRelease&token2= | I45: =_xlfn.CONCAT("https://jenkins.werfen.com/",D45,"?token=",C45) -> https://jenkins.werfen.com/job/Werfen%20websites/job/Production%20environment/job/QA%20Transports/job/QLikSense%20Release/?token=QlikSenseRelease | J45: 0
A46: Webs | B46: =CONCATENATE($I$4," ",I46,CHAR(10),CHAR(13),CHAR(10),CHAR(13),$H$4," ",H46) -> JENKINS_RESULT https://jenkins.werfen.com/job/Werfen%20websites/job/Production%20environment/job/QA%20Transports/job/QLikSense%20release1/?token=QlikSenseRelease1 _x000D_ _x000D_JENKINS_TRANSPORT https://jenkins.werfen.com/job/Werfen%20websites/job/Production%20environment/job/QA%20Transports/job/QLikSense%20release1/buildWithParameters?token=QlikSenseRelease1&token2= | C46: QlikSenseRelease1 | D46: job/Werfen%20websites/job/Production%20environment/job/QA%20Transports/job/QLikSense%20release1/ | E46: buildWithParameters | G46: Website BI (QlikSense) release | H46: =CONCATENATE("https://jenkins.werfen.com/",D46,E46,"?token=",C46,"&token2=") -> https://jenkins.werfen.com/job/Werfen%20websites/job/Production%20environment/job/QA%20Transports/job/QLikSense%20release1/buildWithParameters?token=QlikSenseRelease1&token2= | I46: =_xlfn.CONCAT("https://jenkins.werfen.com/",D46,"?token=",C46) -> https://jenkins.werfen.com/job/Werfen%20websites/job/Production%20environment/job/QA%20Transports/job/QLikSense%20release1/?token=QlikSenseRelease1 | J46: 1
A47: Webs | B47: =CONCATENATE($I$4," ",I47,CHAR(10),CHAR(13),CHAR(10),CHAR(13),$H$4," ",H47) -> JENKINS_RESULT https://jenkins.werfen.com/job/Werfen%20websites/job/Production%20environment/job/QA%20Transports/job/QLikSense%20hotfix/?token=QlikSenseHotfix _x000D_ _x000D_JENKINS_TRANSPORT https://jenkins.werfen.com/job/Werfen%20websites/job/Production%20environment/job/QA%20Transports/job/QLikSense%20hotfix/buildWithParameters?token=QlikSenseHotfix&token2= | C47: QlikSenseHotfix | D47: job/Werfen%20websites/job/Production%20environment/job/QA%20Transports/job/QLikSense%20hotfix/ | E47: buildWithParameters | G47: Website BI (QlikSense) hotfix | H47: =CONCATENATE("https://jenkins.werfen.com/",D47,E47,"?token=",C47,"&token2=") -> https://jenkins.werfen.com/job/Werfen%20websites/job/Production%20environment/job/QA%20Transports/job/QLikSense%20hotfix/buildWithParameters?token=QlikSenseHotfix&token2= | I47: =_xlfn.CONCAT("https://jenkins.werfen.com/",D47,"?token=",C47) -> https://jenkins.werfen.com/job/Werfen%20websites/job/Production%20environment/job/QA%20Transports/job/QLikSense%20hotfix/?token=QlikSenseHotfix | J47: 1
A48: Webs | B48: =CONCATENATE($I$4," ",I48,CHAR(10),CHAR(13),CHAR(10),CHAR(13),$H$4," ",H48) -> JENKINS_RESULT https://jenkins.werfen.com/job/Werfen%20websites/job/Production%20environment/job/QA%20Transports/job/Werfen%20DE/?token=WerfenDERelease _x000D_ _x000D_JENKINS_TRANSPORT https://jenkins.werfen.com/job/Werfen%20websites/job/Production%20environment/job/QA%20Transports/job/Werfen%20DE/buildWithParameters?token=WerfenDERelease&token2= | C48: WerfenDERelease | D48: job/Werfen%20websites/job/Production%20environment/job/QA%20Transports/job/Werfen%20DE/ | E48: buildWithParameters | F48: 10 | G48: Website Germany legacy | H48: =CONCATENATE("https://jenkins.werfen.com/",D48,E48,"?token=",C48,"&token2=") -> https://jenkins.werfen.com/job/Werfen%20websites/job/Production%20environment/job/QA%20Transports/job/Werfen%20DE/buildWithParameters?token=WerfenDERelease&token2= | I48: =_xlfn.CONCAT("https://jenkins.werfen.com/",D48,"?token=",C48) -> https://jenkins.werfen.com/job/Werfen%20websites/job/Production%20environment/job/QA%20Transports/job/Werfen%20DE/?token=WerfenDERelease | J48: 0
A49: Webs | B49: =CONCATENATE($I$4," ",I49,CHAR(10),CHAR(13),CHAR(10),CHAR(13),$H$4," ",H49) -> JENKINS_RESULT https://jenkins.werfen.com/job/Werfen%20websites/job/Production%20environment/job/QA%20Transports/job/Werfen%20DE%20release/?token=WerfenDERelease1 _x000D_ _x000D_JENKINS_TRANSPORT https://jenkins.werfen.com/job/Werfen%20websites/job/Production%20environment/job/QA%20Transports/job/Werfen%20DE%20release/buildWithParameters?token=WerfenDERelease1&token2= | C49: WerfenDERelease1 | D49: job/Werfen%20websites/job/Production%20environment/job/QA%20Transports/job/Werfen%20DE%20release/ | E49: buildWithParameters | G49: Website Germany release | H49: =CONCATENATE("https://jenkins.werfen.com/",D49,E49,"?token=",C49,"&token2=") -> https://jenkins.werfen.com/job/Werfen%20websites/job/Production%20environment/job/QA%20Transports/job/Werfen%20DE%20release/buildWithParameters?token=WerfenDERelease1&token2= | I49: =_xlfn.CONCAT("https://jenkins.werfen.com/",D49,"?token=",C49) -> https://jenkins.werfen.com/job/Werfen%20websites/job/Production%20environment/job/QA%20Transports/job/Werfen%20DE%20release/?token=WerfenDERelease1 | J49: 1
A50: Webs | B50: =CONCATENATE($I$4," ",I50,CHAR(10),CHAR(13),CHAR(10),CHAR(13),$H$4," ",H50) -> JENKINS_RESULT https://jenkins.werfen.com/job/Werfen%20websites/job/Production%20environment/job/QA%20Transports/job/Werfen%20DE%20hotfix/?token=WerfenDEHotfix _x000D_ _x000D_JENKINS_TRANSPORT https://jenkins.werfen.com/job/Werfen%20websites/job/Production%20environment/job/QA%20Transports/job/Werfen%20DE%20hotfix/buildWithParameters?token=WerfenDEHotfix&token2= | C50: WerfenDEHotfix | D50: job/Werfen%20websites/job/Production%20environment/job/QA%20Transports/job/Werfen%20DE%20hotfix/ | E50: buildWithParameters | G50: Website Germany hotfix | H50: =CONCATENATE("https://jenkins.werfen.com/",D50,E50,"?token=",C50,"&token2=") -> https://jenkins.werfen.com/job/Werfen%20websites/job/Production%20environment/job/QA%20Transports/job/Werfen%20DE%20hotfix/buildWithParameters?token=WerfenDEHotfix&token2= | I50: =_xlfn.CONCAT("https://jenkins.werfen.com/",D50,"?token=",C50) -> https://jenkins.werfen.com/job/Werfen%20websites/job/Production%20environment/job/QA%20Transports/job/Werfen%20DE%20hotfix/?token=WerfenDEHotfix | J50: 1
A51: Webs | B51: =CONCATENATE($I$4," ",I51,CHAR(10),CHAR(13),CHAR(10),CHAR(13),$H$4," ",H51) -> JENKINS_RESULT https://jenkins.werfen.com/job/Werfen%20websites/job/Production%20environment/job/QA%20Transports/job/Werfen%20BR/?token=WerfenBRRelease _x000D_ _x000D_JENKINS_TRANSPORT https://jenkins.werfen.com/job/Werfen%20websites/job/Production%20environment/job/QA%20Transports/job/Werfen%20BR/buildWithParameters?token=WerfenBRRelease&token2= | C51: WerfenBRRelease | D51: job/Werfen%20websites/job/Production%20environment/job/QA%20Transports/job/Werfen%20BR/ | E51: buildWithParameters | F51: 6 | G51: Website Brazil legacy | H51: =CONCATENATE("https://jenkins.werfen.com/",D51,E51,"?token=",C51,"&token2=") -> https://jenkins.werfen.com/job/Werfen%20websites/job/Production%20environment/job/QA%20Transports/job/Werfen%20BR/buildWithParameters?token=WerfenBRRelease&token2= | I51: =_xlfn.CONCAT("https://jenkins.werfen.com/",D51,"?token=",C51) -> https://jenkins.werfen.com/job/Werfen%20websites/job/Production%20environment/job/QA%20Transports/job/Werfen%20BR/?token=WerfenBRRelease | J51: 0
A52: Webs | B52: =CONCATENATE($I$4," ",I52,CHAR(10),CHAR(13),CHAR(10),CHAR(13),$H$4," ",H52) -> JENKINS_RESULT https://jenkins.werfen.com/job/Werfen%20websites/job/Production%20environment/job/QA%20Transports/job/Werfen%20BR%20release/?token=WerfenBRRelease1 _x000D_ _x000D_JENKINS_TRANSPORT https://jenkins.werfen.com/job/Werfen%20websites/job/Production%20environment/job/QA%20Transports/job/Werfen%20BR%20release/buildWithParameters?token=WerfenBRRelease1&token2= | C52: WerfenBRRelease1 | D52: job/Werfen%20websites/job/Production%20environment/job/QA%20Transports/job/Werfen%20BR%20release/ | E52: buildWithParameters | G52: Website Brazil release | H52: =CONCATENATE("https://jenkins.werfen.com/",D52,E52,"?token=",C52,"&token2=") -> https://jenkins.werfen.com/job/Werfen%20websites/job/Production%20environment/job/QA%20Transports/job/Werfen%20BR%20release/buildWithParameters?token=WerfenBRRelease1&token2= | I52: =_xlfn.CONCAT("https://jenkins.werfen.com/",D52,"?token=",C52) -> https://jenkins.werfen.com/job/Werfen%20websites/job/Production%20environment/job/QA%20Transports/job/Werfen%20BR%20release/?token=WerfenBRRelease1 | J52: 1
A53: Webs | B53: =CONCATENATE($I$4," ",I53,CHAR(10),CHAR(13),CHAR(10),CHAR(13),$H$4," ",H53) -> JENKINS_RESULT https://jenkins.werfen.com/job/Werfen%20websites/job/Production%20environment/job/QA%20Transports/job/Werfen%20BR%20hotfix/?token=WerfenBRHotfix _x000D_ _x000D_JENKINS_TRANSPORT https://jenkins.werfen.com/job/Werfen%20websites/job/Production%20environment/job/QA%20Transports/job/Werfen%20BR%20hotfix/buildWithParameters?token=WerfenBRHotfix&token2= | C53: WerfenBRHotfix | D53: job/Werfen%20websites/job/Production%20environment/job/QA%20Transports/job/Werfen%20BR%20hotfix/ | E53: buildWithParameters | G53: Website Brazil hotfix | H53: =CONCATENATE("https://jenkins.werfen.com/",D53,E53,"?token=",C53,"&token2=") -> https://jenkins.werfen.com/job/Werfen%20websites/job/Production%20environment/job/QA%20Transports/job/Werfen%20BR%20hotfix/buildWithParameters?token=WerfenBRHotfix&token2= | I53: =_xlfn.CONCAT("https://jenkins.werfen.com/",D53,"?token=",C53) -> https://jenkins.werfen.com/job/Werfen%20websites/job/Production%20environment/job/QA%20Transports/job/Werfen%20BR%20hotfix/?token=WerfenBRHotfix | J53: 1
A54: Webs | B54: =CONCATENATE($I$4," ",I54,CHAR(10),CHAR(13),CHAR(10),CHAR(13),$H$4," ",H54) -> JENKINS_RESULT https://jenkins.werfen.com/job/Werfen%20websites/job/Production%20environment/job/QA%20Transports/job/Leventon/?token=LeventonRelease _x000D_ _x000D_JENKINS_TRANSPORT https://jenkins.werfen.com/job/Werfen%20websites/job/Production%20environment/job/QA%20Transports/job/Leventon/buildWithParameters?token=LeventonRelease&token2= | C54: LeventonRelease | D54: job/Werfen%20websites/job/Production%20environment/job/QA%20Transports/job/Leventon/ | E54: buildWithParameters | F54: 16 | G54: Website Leventon legacy | H54: =CONCATENATE("https://jenkins.werfen.com/",D54,E54,"?token=",C54,"&token2=") -> https://jenkins.werfen.com/job/Werfen%20websites/job/Production%20environment/job/QA%20Transports/job/Leventon/buildWithParameters?token=LeventonRelease&token2= | I54: =_xlfn.CONCAT("https://jenkins.werfen.com/",D54,"?token=",C54) -> https://jenkins.werfen.com/job/Werfen%20websites/job/Production%20environment/job/QA%20Transports/job/Leventon/?token=LeventonRelease | J54: 0
A55: Webs | B55: =CONCATENATE($I$4," ",I55,CHAR(10),CHAR(13),CHAR(10),CHAR(13),$H$4," ",H55) -> JENKINS_RESULT https://jenkins.werfen.com/job/Werfen%20websites/job/Production%20environment/job/QA%20Transports/job/Website%20Leventon%20release/?token=LeventonRelease1 _x000D_ _x000D_JENKINS_TRANSPORT https://jenkins.werfen.com/job/Werfen%20websites/job/Production%20environment/job/QA%20Transports/job/Website%20Leventon%20release/buildWithParameters?token=LeventonRelease1&token2= | C55: LeventonRelease1 | D55: job/Werfen%20websites/job/Production%20environment/job/QA%20Transports/job/Website%20Leventon%20release/ | E55: buildWithParameters | G55: Website Leventon release | H55: =CONCATENATE("https://jenkins.werfen.com/",D55,E55,"?token=",C55,"&token2=") -> https://jenkins.werfen.com/job/Werfen%20websites/job/Production%20environment/job/QA%20Transports/job/Website%20Leventon%20release/buildWithParameters?token=LeventonRelease1&token2= | I55: =_xlfn.CONCAT("https://jenkins.werfen.com/",D55,"?token=",C55) -> https://jenkins.werfen.com/job/Werfen%20websites/job/Production%20environment/job/QA%20Transports/job/Website%20Leventon%20release/?token=LeventonRelease1 | J55: 1
A56: Webs | B56: =CONCATENATE($I$4," ",I56,CHAR(10),CHAR(13),CHAR(10),CHAR(13),$H$4," ",H56) -> JENKINS_RESULT https://jenkins.werfen.com/job/Werfen%20websites/job/Production%20environment/job/QA%20Transports/job/Websote%20Leventon%20hotfix/?token=LeventonHotfix _x000D_ _x000D_JENKINS_TRANSPORT https://jenkins.werfen.com/job/Werfen%20websites/job/Production%20environment/job/QA%20Transports/job/Websote%20Leventon%20hotfix/buildWithParameters?token=LeventonHotfix&token2= | C56: LeventonHotfix | D56: job/Werfen%20websites/job/Production%20environment/job/QA%20Transports/job/Websote%20Leventon%20hotfix/ | E56: buildWithParameters | G56: Website Leventon hotfix | H56: =CONCATENATE("https://jenkins.werfen.com/",D56,E56,"?token=",C56,"&token2=") -> https://jenkins.werfen.com/job/Werfen%20websites/job/Production%20environment/job/QA%20Transports/job/Websote%20Leventon%20hotfix/buildWithParameters?token=LeventonHotfix&token2= | I56: =_xlfn.CONCAT("https://jenkins.werfen.com/",D56,"?token=",C56) -> https://jenkins.werfen.com/job/Werfen%20websites/job/Production%20environment/job/QA%20Transports/job/Websote%20Leventon%20hotfix/?token=LeventonHotfix | J56: 1
A57: Webs | B57: =CONCATENATE($I$4," ",I57,CHAR(10),CHAR(13),CHAR(10),CHAR(13),$H$4," ",H57) -> JENKINS_RESULT https://jenkins.werfen.com/job/Werfen%20websites/job/Production%20environment/job/QA%20Transports/job/Werfen%20PT/?token=WerfenPTRelease _x000D_ _x000D_JENKINS_TRANSPORT https://jenkins.werfen.com/job/Werfen%20websites/job/Production%20environment/job/QA%20Transports/job/Werfen%20PT/buildWithParameters?token=WerfenPTRelease&token2= | C57: WerfenPTRelease | D57: job/Werfen%20websites/job/Production%20environment/job/QA%20Transports/job/Werfen%20PT/ | E57: buildWithParameters | F57: 21 | G57: Website Portugal legacy | H57: =CONCATENATE("https://jenkins.werfen.com/",D57,E57,"?token=",C57,"&token2=") -> https://jenkins.werfen.com/job/Werfen%20websites/job/Production%20environment/job/QA%20Transports/job/Werfen%20PT/buildWithParameters?token=WerfenPTRelease&token2= | I57: =_xlfn.CONCAT("https://jenkins.werfen.com/",D57,"?token=",C57) -> https://jenkins.werfen.com/job/Werfen%20websites/job/Production%20environment/job/QA%20Transports/job/Werfen%20PT/?token=WerfenPTRelease | J57: 0
A58: Webs | B58: =CONCATENATE($I$4," ",I58,CHAR(10),CHAR(13),CHAR(10),CHAR(13),$H$4," ",H58) -> JENKINS_RESULT https://jenkins.werfen.com/job/Werfen%20websites/job/Production%20environment/job/QA%20Transports/job/Werfen%20PT%20release/?token=WerfenPTRelease1 _x000D_ _x000D_JENKINS_TRANSPORT https://jenkins.werfen.com/job/Werfen%20websites/job/Production%20environment/job/QA%20Transports/job/Werfen%20PT%20release/buildWithParameters?token=WerfenPTRelease1&token2= | C58: WerfenPTRelease1 | D58: job/Werfen%20websites/job/Production%20environment/job/QA%20Transports/job/Werfen%20PT%20release/ | E58: buildWithParameters | G58: Website Portugal release | H58: =CONCATENATE("https://jenkins.werfen.com/",D58,E58,"?token=",C58,"&token2=") -> https://jenkins.werfen.com/job/Werfen%20websites/job/Production%20environment/job/QA%20Transports/job/Werfen%20PT%20release/buildWithParameters?token=WerfenPTRelease1&token2= | I58: =_xlfn.CONCAT("https://jenkins.werfen.com/",D58,"?token=",C58) -> https://jenkins.werfen.com/job/Werfen%20websites/job/Production%20environment/job/QA%20Transports/job/Werfen%20PT%20release/?token=WerfenPTRelease1 | J58: 1
A59: Webs | B59: =CONCATENATE($I$4," ",I59,CHAR(10),CHAR(13),CHAR(10),CHAR(13),$H$4," ",H59) -> JENKINS_RESULT https://jenkins.werfen.com/job/Werfen%20websites/job/Production%20environment/job/QA%20Transports/job/Werfen%20PT%20hotfix/?token=WerfenPTHotifx _x000D_ _x000D_JENKINS_TRANSPORT https://jenkins.werfen.com/job/Werfen%20websites/job/Production%20environment/job/QA%20Transports/job/Werfen%20PT%20hotfix/buildWithParameters?token=WerfenPTHotifx&token2= | C59: WerfenPTHotifx | D59: job/Werfen%20websites/job/Production%20environment/job/QA%20Transports/job/Werfen%20PT%20hotfix/ | E59: buildWithParameters | G59: Website Portugal hotfix | H59: =CONCATENATE("https://jenkins.werfen.com/",D59,E59,"?token=",C59,"&token2=") -> https://jenkins.werfen.com/job/Werfen%20websites/job/Production%20environment/job/QA%20Transports/job/Werfen%20PT%20hotfix/buildWithParameters?token=WerfenPTHotifx&token2= | I59: =_xlfn.CONCAT("https://jenkins.werfen.com/",D59,"?token=",C59) -> https://jenkins.werfen.com/job/Werfen%20websites/job/Production%20environment/job/QA%20Transports/job/Werfen%20PT%20hotfix/?token=WerfenPTHotifx | J59: 1
A60: Webs | B60: =CONCATENATE($I$4," ",I60,CHAR(10),CHAR(13),CHAR(10),CHAR(13),$H$4," ",H60) -> JENKINS_RESULT https://jenkins.werfen.com/job/Werfen%20websites/job/Production%20environment/job/QA%20Transports/job/Werfen%20KR/?token=WerfenKRRelease _x000D_ _x000D_JENKINS_TRANSPORT https://jenkins.werfen.com/job/Werfen%20websites/job/Production%20environment/job/QA%20Transports/job/Werfen%20KR/buildWithParameters?token=WerfenKRRelease&token2= | C60: WerfenKRRelease | D60: job/Werfen%20websites/job/Production%20environment/job/QA%20Transports/job/Werfen%20KR/ | E60: buildWithParameters | F60: 15 | G60: Website Korea legacy | H60: =CONCATENATE("https://jenkins.werfen.com/",D60,E60,"?token=",C60,"&token2=") -> https://jenkins.werfen.com/job/Werfen%20websites/job/Production%20environment/job/QA%20Transports/job/Werfen%20KR/buildWithParameters?token=WerfenKRRelease&token2= | I60: =_xlfn.CONCAT("https://jenkins.werfen.com/",D60,"?token=",C60) -> https://jenkins.werfen.com/job/Werfen%20websites/job/Production%20environment/job/QA%20Transports/job/Werfen%20KR/?token=WerfenKRRelease | J60: 0
A61: Webs | B61: =CONCATENATE($I$4," ",I61,CHAR(10),CHAR(13),CHAR(10),CHAR(13),$H$4," ",H61) -> JENKINS_RESULT https://jenkins.werfen.com/job/Werfen%20websites/job/Production%20environment/job/QA%20Transports/job/Werfen%20KR%20release/?token=WerfenKRRelease1 _x000D_ _x000D_JENKINS_TRANSPORT https://jenkins.werfen.com/job/Werfen%20websites/job/Production%20environment/job/QA%20Transports/job/Werfen%20KR%20release/buildWithParameters?token=WerfenKRRelease1&token2= | C61: WerfenKRRelease1 | D61: job/Werfen%20websites/job/Production%20environment/job/QA%20Transports/job/Werfen%20KR%20release/ | E61: buildWithParameters | G61: Website Korea release | H61: =CONCATENATE("https://jenkins.werfen.com/",D61,E61,"?token=",C61,"&token2=") -> https://jenkins.werfen.com/job/Werfen%20websites/job/Production%20environment/job/QA%20Transports/job/Werfen%20KR%20release/buildWithParameters?token=WerfenKRRelease1&token2= | I61: =_xlfn.CONCAT("https://jenkins.werfen.com/",D61,"?token=",C61) -> https://jenkins.werfen.com/job/Werfen%20websites/job/Production%20environment/job/QA%20Transports/job/Werfen%20KR%20release/?token=WerfenKRRelease1 | J61: 1
A62: Webs | B62: =CONCATENATE($I$4," ",I62,CHAR(10),CHAR(13),CHAR(10),CHAR(13),$H$4," ",H62) -> JENKINS_RESULT https://jenkins.werfen.com/job/Werfen%20websites/job/Production%20environment/job/QA%20Transports/job/Werfen%20KR%20hotfix/?token=WerfenKRHotfix _x000D_ _x000D_JENKINS_TRANSPORT https://jenkins.werfen.com/job/Werfen%20websites/job/Production%20environment/job/QA%20Transports/job/Werfen%20KR%20hotfix/buildWithParameters?token=WerfenKRHotfix&token2= | C62: WerfenKRHotfix | D62: job/Werfen%20websites/job/Production%20environment/job/QA%20Transports/job/Werfen%20KR%20hotfix/ | E62: buildWithParameters | G62: Website Korea hotfix | H62: =CONCATENATE("https://jenkins.werfen.com/",D62,E62,"?token=",C62,"&token2=") -> https://jenkins.werfen.com/job/Werfen%20websites/job/Production%20environment/job/QA%20Transports/job/Werfen%20KR%20hotfix/buildWithParameters?token=WerfenKRHotfix&token2= | I62: =_xlfn.CONCAT("https://jenkins.werfen.com/",D62,"?token=",C62) -> https://jenkins.werfen.com/job/Werfen%20websites/job/Production%20environment/job/QA%20Transports/job/Werfen%20KR%20hotfix/?token=WerfenKRHotfix | J62: 1
A63: Webs | B63: =CONCATENATE($I$4," ",I63,CHAR(10),CHAR(13),CHAR(10),CHAR(13),$H$4," ",H63) -> JENKINS_RESULT https://jenkins.werfen.com/job/Werfen%20websites/job/Production%20environment/job/QA%20Transports/job/Werfen%20JP/?token=WerfenJPRelease _x000D_ _x000D_JENKINS_TRANSPORT https://jenkins.werfen.com/job/Werfen%20websites/job/Production%20environment/job/QA%20Transports/job/Werfen%20JP/buildWithParameters?token=WerfenJPRelease&token2= | C63: WerfenJPRelease | D63: job/Werfen%20websites/job/Production%20environment/job/QA%20Transports/job/Werfen%20JP/ | E63: buildWithParameters | F63: 14 | G63: Website Japan legacy | H63: =CONCATENATE("https://jenkins.werfen.com/",D63,E63,"?token=",C63,"&token2=") -> https://jenkins.werfen.com/job/Werfen%20websites/job/Production%20environment/job/QA%20Transports/job/Werfen%20JP/buildWithParameters?token=WerfenJPRelease&token2= | I63: =_xlfn.CONCAT("https://jenkins.werfen.com/",D63,"?token=",C63) -> https://jenkins.werfen.com/job/Werfen%20websites/job/Production%20environment/job/QA%20Transports/job/Werfen%20JP/?token=WerfenJPRelease | J63: 0
A64: Webs | B64: =CONCATENATE($I$4," ",I64,CHAR(10),CHAR(13),CHAR(10),CHAR(13),$H$4," ",H64) -> JENKINS_RESULT https://jenkins.werfen.com/job/Werfen%20websites/job/Production%20environment/job/QA%20Transports/job/Werfen%20JP%20release/?token=WerfenJPRelease1 _x000D_ _x000D_JENKINS_TRANSPORT https://jenkins.werfen.com/job/Werfen%20websites/job/Production%20environment/job/QA%20Transports/job/Werfen%20JP%20release/buildWithParameters?token=WerfenJPRelease1&token2= | C64: WerfenJPRelease1 | D64: job/Werfen%20websites/job/Production%20environment/job/QA%20Transports/job/Werfen%20JP%20release/ | E64: buildWithParameters | G64: Website Japan release | H64: =CONCATENATE("https://jenkins.werfen.com/",D64,E64,"?token=",C64,"&token2=") -> https://jenkins.werfen.com/job/Werfen%20websites/job/Production%20environment/job/QA%20Transports/job/Werfen%20JP%20release/buildWithParameters?token=WerfenJPRelease1&token2= | I64: =_xlfn.CONCAT("https://jenkins.werfen.com/",D64,"?token=",C64) -> https://jenkins.werfen.com/job/Werfen%20websites/job/Production%20environment/job/QA%20Transports/job/Werfen%20JP%20release/?token=WerfenJPRelease1 | J64: 1
A65: Webs | B65: =CONCATENATE($I$4," ",I65,CHAR(10),CHAR(13),CHAR(10),CHAR(13),$H$4," ",H65) -> JENKINS_RESULT https://jenkins.werfen.com/job/Werfen%20websites/job/Production%20environment/job/QA%20Transports/job/Werfen%20JP%20hotfix/?token=WerfenJPHotfix _x000D_ _x000D_JENKINS_TRANSPORT https://jenkins.werfen.com/job/Werfen%20websites/job/Production%20environment/job/QA%20Transports/job/Werfen%20JP%20hotfix/buildWithParameters?token=WerfenJPHotfix&token2= | C65: WerfenJPHotfix | D65: job/Werfen%20websites/job/Production%20environment/job/QA%20Transports/job/Werfen%20JP%20hotfix/ | E65: buildWithParameters | G65: Website Japan hotfix | H65: =CONCATENATE("https://jenkins.werfen.com/",D65,E65,"?token=",C65,"&token2=") -> https://jenkins.werfen.com/job/Werfen%20websites/job/Production%20environment/job/QA%20Transports/job/Werfen%20JP%20hotfix/buildWithParameters?token=WerfenJPHotfix&token2= | I65: =_xlfn.CONCAT("https://jenkins.werfen.com/",D65,"?token=",C65) -> https://jenkins.werfen.com/job/Werfen%20websites/job/Production%20environment/job/QA%20Transports/job/Werfen%20JP%20hotfix/?token=WerfenJPHotfix | J65: 1
A66: Webs | B66: =CONCATENATE($I$4," ",I66,CHAR(10),CHAR(13),CHAR(10),CHAR(13),$H$4," ",H66) -> JENKINS_RESULT https://jenkins.werfen.com/job/Werfen%20websites/job/Production%20environment/job/QA%20Transports/job/Werfen%20CN%20-%20AWS/?token=WerfenCNRelease _x000D_ _x000D_JENKINS_TRANSPORT https://jenkins.werfen.com/job/Werfen%20websites/job/Production%20environment/job/QA%20Transports/job/Werfen%20CN%20-%20AWS/build?token=WerfenCNRelease&token2= | C66: WerfenCNRelease | D66: job/Werfen%20websites/job/Production%20environment/job/QA%20Transports/job/Werfen%20CN%20-%20AWS/ | E66: build | F66: 7 | G66: Website China AWS legacy | H66: =CONCATENATE("https://jenkins.werfen.com/",D66,E66,"?token=",C66,"&token2=") -> https://jenkins.werfen.com/job/Werfen%20websites/job/Production%20environment/job/QA%20Transports/job/Werfen%20CN%20-%20AWS/build?token=WerfenCNRelease&token2= | I66: =_xlfn.CONCAT("https://jenkins.werfen.com/",D66,"?token=",C66) -> https://jenkins.werfen.com/job/Werfen%20websites/job/Production%20environment/job/QA%20Transports/job/Werfen%20CN%20-%20AWS/?token=WerfenCNRelease | J66: 0
A67: Webs | B67: =CONCATENATE($I$4," ",I67,CHAR(10),CHAR(13),CHAR(10),CHAR(13),$H$4," ",H67) -> JENKINS_RESULT https://jenkins.werfen.com/job/Werfen%20websites/job/Production%20environment/job/QA%20Transports/job/Werfen%20CN%20-%20AWS%20release/?token=WerfenCNRelease1 _x000D_ _x000D_JENKINS_TRANSPORT https://jenkins.werfen.com/job/Werfen%20websites/job/Production%20environment/job/QA%20Transports/job/Werfen%20CN%20-%20AWS%20release/build?token=WerfenCNRelease1&token2= | C67: WerfenCNRelease1 | D67: job/Werfen%20websites/job/Production%20environment/job/QA%20Transports/job/Werfen%20CN%20-%20AWS%20release/ | E67: build | G67: Website China AWS release | H67: =CONCATENATE("https://jenkins.werfen.com/",D67,E67,"?token=",C67,"&token2=") -> https://jenkins.werfen.com/job/Werfen%20websites/job/Production%20environment/job/QA%20Transports/job/Werfen%20CN%20-%20AWS%20release/build?token=WerfenCNRelease1&token2= | I67: =_xlfn.CONCAT("https://jenkins.werfen.com/",D67,"?token=",C67) -> https://jenkins.werfen.com/job/Werfen%20websites/job/Production%20environment/job/QA%20Transports/job/Werfen%20CN%20-%20AWS%20release/?token=WerfenCNRelease1 | J67: 1
A68: Webs | B68: =CONCATENATE($I$4," ",I68,CHAR(10),CHAR(13),CHAR(10),CHAR(13),$H$4," ",H68) -> JENKINS_RESULT https://jenkins.werfen.com/job/Werfen%20websites/job/Production%20environment/job/QA%20Transports/job/Werfen%20CN%20-%20AWS%20hotfix/?token=WerfenCNHotfix _x000D_ _x000D_JENKINS_TRANSPORT https://jenkins.werfen.com/job/Werfen%20websites/job/Production%20environment/job/QA%20Transports/job/Werfen%20CN%20-%20AWS%20hotfix/build?token=WerfenCNHotfix&token2= | C68: WerfenCNHotfix | D68: job/Werfen%20websites/job/Production%20environment/job/QA%20Transports/job/Werfen%20CN%20-%20AWS%20hotfix/ | E68: build | G68: Website China AWS hotfix | H68: =CONCATENATE("https://jenkins.werfen.com/",D68,E68,"?token=",C68,"&token2=") -> https://jenkins.werfen.com/job/Werfen%20websites/job/Production%20environment/job/QA%20Transports/job/Werfen%20CN%20-%20AWS%20hotfix/build?token=WerfenCNHotfix&token2= | I68: =_xlfn.CONCAT("https://jenkins.werfen.com/",D68,"?token=",C68) -> https://jenkins.werfen.com/job/Werfen%20websites/job/Production%20environment/job/QA%20Transports/job/Werfen%20CN%20-%20AWS%20hotfix/?token=WerfenCNHotfix | J68: 1
A69: Webs | B69: =CONCATENATE($I$4," ",I69,CHAR(10),CHAR(13),CHAR(10),CHAR(13),$H$4," ",H69) -> JENKINS_RESULT https://jenkins.werfen.com/job/Werfen%20websites/job/Production%20environment/job/QA%20Transports/job/Werfen%20OEM/?token=WerfenOEMRelease _x000D_ _x000D_JENKINS_TRANSPORT https://jenkins.werfen.com/job/Werfen%20websites/job/Production%20environment/job/QA%20Transports/job/Werfen%20OEM/buildWithParameters?token=WerfenOEMRelease&token2= | C69: WerfenOEMRelease | D69: job/Werfen%20websites/job/Production%20environment/job/QA%20Transports/job/Werfen%20OEM/ | E69: buildWithParameters | F69: 20 | G69: Website OEM legacy | H69: =CONCATENATE("https://jenkins.werfen.com/",D69,E69,"?token=",C69,"&token2=") -> https://jenkins.werfen.com/job/Werfen%20websites/job/Production%20environment/job/QA%20Transports/job/Werfen%20OEM/buildWithParameters?token=WerfenOEMRelease&token2= | I69: =_xlfn.CONCAT("https://jenkins.werfen.com/",D69,"?token=",C69) -> https://jenkins.werfen.com/job/Werfen%20websites/job/Production%20environment/job/QA%20Transports/job/Werfen%20OEM/?token=WerfenOEMRelease | J69: 0
A70: Webs | B70: =CONCATENATE($I$4," ",I70,CHAR(10),CHAR(13),CHAR(10),CHAR(13),$H$4," ",H70) -> JENKINS_RESULT https://jenkins.werfen.com/job/Werfen%20websites/job/Production%20environment/job/QA%20Transports/job/Werfen%20OEM%20release/?token=WerfenOEMRelease1 _x000D_ _x000D_JENKINS_TRANSPORT https://jenkins.werfen.com/job/Werfen%20websites/job/Production%20environment/job/QA%20Transports/job/Werfen%20OEM%20release/buildWithParameters?token=WerfenOEMRelease1&token2= | C70: WerfenOEMRelease1 | D70: job/Werfen%20websites/job/Production%20environment/job/QA%20Transports/job/Werfen%20OEM%20release/ | E70: buildWithParameters | G70: Website OEM releae | H70: =CONCATENATE("https://jenkins.werfen.com/",D70,E70,"?token=",C70,"&token2=") -> https://jenkins.werfen.com/job/Werfen%20websites/job/Production%20environment/job/QA%20Transports/job/Werfen%20OEM%20release/buildWithParameters?token=WerfenOEMRelease1&token2= | I70: =_xlfn.CONCAT("https://jenkins.werfen.com/",D70,"?token=",C70) -> https://jenkins.werfen.com/job/Werfen%20websites/job/Production%20environment/job/QA%20Transports/job/Werfen%20OEM%20release/?token=WerfenOEMRelease1 | J70: 1
A71: Webs | B71: =CONCATENATE($I$4," ",I71,CHAR(10),CHAR(13),CHAR(10),CHAR(13),$H$4," ",H71) -> JENKINS_RESULT https://jenkins.werfen.com/job/Werfen%20websites/job/Production%20environment/job/QA%20Transports/job/Werfen%20OEM%20hotfix/?token=WerfenOEMHotfix _x000D_ _x000D_JENKINS_TRANSPORT https://jenkins.werfen.com/job/Werfen%20websites/job/Production%20environment/job/QA%20Transports/job/Werfen%20OEM%20hotfix/buildWithParameters?token=WerfenOEMHotfix&token2= | C71: WerfenOEMHotfix | D71: job/Werfen%20websites/job/Production%20environment/job/QA%20Transports/job/Werfen%20OEM%20hotfix/ | E71: buildWithParameters | G71: Website OEM hotfix | H71: =CONCATENATE("https://jenkins.werfen.com/",D71,E71,"?token=",C71,"&token2=") -> https://jenkins.werfen.com/job/Werfen%20websites/job/Production%20environment/job/QA%20Transports/job/Werfen%20OEM%20hotfix/buildWithParameters?token=WerfenOEMHotfix&token2= | I71: =_xlfn.CONCAT("https://jenkins.werfen.com/",D71,"?token=",C71) -> https://jenkins.werfen.com/job/Werfen%20websites/job/Production%20environment/job/QA%20Transports/job/Werfen%20OEM%20hotfix/?token=WerfenOEMHotfix | J71: 1
A72: Webs | B72: =CONCATENATE($I$4," ",I72,CHAR(10),CHAR(13),CHAR(10),CHAR(13),$H$4," ",H72) -> JENKINS_RESULT https://jenkins.werfen.com/job/Werfen%20websites/job/Production%20environment/job/QA%20Transports/job/Werfen%20NoAm/?token=WerfenNoAmRelease _x000D_ _x000D_JENKINS_TRANSPORT https://jenkins.werfen.com/job/Werfen%20websites/job/Production%20environment/job/QA%20Transports/job/Werfen%20NoAm/buildWithParameters?token=WerfenNoAmRelease&token2= | C72: WerfenNoAmRelease | D72: job/Werfen%20websites/job/Production%20environment/job/QA%20Transports/job/Werfen%20NoAm/ | E72: buildWithParameters | F72: 19 | G72: Website NoAm legacy | H72: =CONCATENATE("https://jenkins.werfen.com/",D72,E72,"?token=",C72,"&token2=") -> https://jenkins.werfen.com/job/Werfen%20websites/job/Production%20environment/job/QA%20Transports/job/Werfen%20NoAm/buildWithParameters?token=WerfenNoAmRelease&token2= | I72: =_xlfn.CONCAT("https://jenkins.werfen.com/",D72,"?token=",C72) -> https://jenkins.werfen.com/job/Werfen%20websites/job/Production%20environment/job/QA%20Transports/job/Werfen%20NoAm/?token=WerfenNoAmRelease | J72: 0
A73: Webs | B73: =CONCATENATE($I$4," ",I73,CHAR(10),CHAR(13),CHAR(10),CHAR(13),$H$4," ",H73) -> JENKINS_RESULT https://jenkins.werfen.com/job/Werfen%20websites/job/Production%20environment/job/QA%20Transports/job/Werfen%20NoAm%20release/?token=WerfenNoAmRelease1 _x000D_ _x000D_JENKINS_TRANSPORT https://jenkins.werfen.com/job/Werfen%20websites/job/Production%20environment/job/QA%20Transports/job/Werfen%20NoAm%20release/buildWithParameters?token=WerfenNoAmRelease1&token2= | C73: WerfenNoAmRelease1 | D73: job/Werfen%20websites/job/Production%20environment/job/QA%20Transports/job/Werfen%20NoAm%20release/ | E73: buildWithParameters | F73: 19 | G73: Website NoAm release | H73: =CONCATENATE("https://jenkins.werfen.com/",D73,E73,"?token=",C73,"&token2=") -> https://jenkins.werfen.com/job/Werfen%20websites/job/Production%20environment/job/QA%20Transports/job/Werfen%20NoAm%20release/buildWithParameters?token=WerfenNoAmRelease1&token2= | I73: =_xlfn.CONCAT("https://jenkins.werfen.com/",D73,"?token=",C73) -> https://jenkins.werfen.com/job/Werfen%20websites/job/Production%20environment/job/QA%20Transports/job/Werfen%20NoAm%20release/?token=WerfenNoAmRelease1 | J73: 1
A74: Webs | B74: =CONCATENATE($I$4," ",I74,CHAR(10),CHAR(13),CHAR(10),CHAR(13),$H$4," ",H74) -> JENKINS_RESULT https://jenkins.werfen.com/job/Werfen%20websites/job/Production%20environment/job/QA%20Transports/job/Werfen%20NoAm%20hotfix/?token=WerfenNoAmHotfix _x000D_ _x000D_JENKINS_TRANSPORT https://jenkins.werfen.com/job/Werfen%20websites/job/Production%20environment/job/QA%20Transports/job/Werfen%20NoAm%20hotfix/buildWithParameters?token=WerfenNoAmHotfix&token2= | C74: WerfenNoAmHotfix | D74: job/Werfen%20websites/job/Production%20environment/job/QA%20Transports/job/Werfen%20NoAm%20hotfix/ | E74: buildWithParameters | F74: 19 | G74: Website NoAm hotfix | H74: =CONCATENATE("https://jenkins.werfen.com/",D74,E74,"?token=",C74,"&token2=") -> https://jenkins.werfen.com/job/Werfen%20websites/job/Production%20environment/job/QA%20Transports/job/Werfen%20NoAm%20hotfix/buildWithParameters?token=WerfenNoAmHotfix&token2= | I74: =_xlfn.CONCAT("https://jenkins.werfen.com/",D74,"?token=",C74) -> https://jenkins.werfen.com/job/Werfen%20websites/job/Production%20environment/job/QA%20Transports/job/Werfen%20NoAm%20hotfix/?token=WerfenNoAmHotfix | J74: 1
A75: Webs | B75: =CONCATENATE($I$4," ",I75,CHAR(10),CHAR(13),CHAR(10),CHAR(13),$H$4," ",H75) -> JENKINS_RESULT https://jenkins.werfen.com/job/Werfen%20websites/job/Production%20environment/job/QA%20Transports/job/Werfen%20AT/?token=WerfenATRelease _x000D_ _x000D_JENKINS_TRANSPORT https://jenkins.werfen.com/job/Werfen%20websites/job/Production%20environment/job/QA%20Transports/job/Werfen%20AT/buildWithParameters?token=WerfenATRelease&token2= | C75: WerfenATRelease | D75: job/Werfen%20websites/job/Production%20environment/job/QA%20Transports/job/Werfen%20AT/ | E75: buildWithParameters | F75: 3 | G75: Website Austria legacy | H75: =CONCATENATE("https://jenkins.werfen.com/",D75,E75,"?token=",C75,"&token2=") -> https://jenkins.werfen.com/job/Werfen%20websites/job/Production%20environment/job/QA%20Transports/job/Werfen%20AT/buildWithParameters?token=WerfenATRelease&token2= | I75: =_xlfn.CONCAT("https://jenkins.werfen.com/",D75,"?token=",C75) -> https://jenkins.werfen.com/job/Werfen%20websites/job/Production%20environment/job/QA%20Transports/job/Werfen%20AT/?token=WerfenATRelease | J75: 0
A76: TicketLine | B76: =CONCATENATE($I$4," ",I76,CHAR(10),CHAR(13),CHAR(10),CHAR(13),$H$4," ",H76) -> JENKINS_RESULT https://jenkins.werfen.com/job/TicketLine/job/Production%20Environment/job/QA%20Transports/job/TicketLine/?token=TicketLineRelease _x000D_ _x000D_JENKINS_TRANSPORT https://jenkins.werfen.com/job/TicketLine/job/Production%20Environment/job/QA%20Transports/job/TicketLine/buildWithParameters?token=TicketLineRelease&token2= | C76: TicketLineRelease | D76: job/TicketLine/job/Production%20Environment/job/QA%20Transports/job/TicketLine/ | E76: buildWithParameters | F76: 30 | G76: TicketLine legacy | H76: =CONCATENATE("https://jenkins.werfen.com/",D76,E76,"?token=",C76,"&token2=") -> https://jenkins.werfen.com/job/TicketLine/job/Production%20Environment/job/QA%20Transports/job/TicketLine/buildWithParameters?token=TicketLineRelease&token2= | I76: =_xlfn.CONCAT("https://jenkins.werfen.com/",D76,"?token=",C76) -> https://jenkins.werfen.com/job/TicketLine/job/Production%20Environment/job/QA%20Transports/job/TicketLine/?token=TicketLineRelease | J76: 0
A77: Webs | B77: =CONCATENATE($I$4," ",I77,CHAR(10),CHAR(13),CHAR(10),CHAR(13),$H$4," ",H77) -> JENKINS_RESULT https://jenkins.werfen.com/job/Werfen%20websites/job/Production%20environment/job/QA%20Transports/job/Werfen%20AT%20release/?token=WerfenATRelease1 _x000D_ _x000D_JENKINS_TRANSPORT https://jenkins.werfen.com/job/Werfen%20websites/job/Production%20environment/job/QA%20Transports/job/Werfen%20AT%20release/buildWithParameters?token=WerfenATRelease1&token2= | C77: WerfenATRelease1 | D77: job/Werfen%20websites/job/Production%20environment/job/QA%20Transports/job/Werfen%20AT%20release/ | E77: buildWithParameters | G77: Website Austria release | H77: =CONCATENATE("https://jenkins.werfen.com/",D77,E77,"?token=",C77,"&token2=") -> https://jenkins.werfen.com/job/Werfen%20websites/job/Production%20environment/job/QA%20Transports/job/Werfen%20AT%20release/buildWithParameters?token=WerfenATRelease1&token2= | I77: =_xlfn.CONCAT("https://jenkins.werfen.com/",D77,"?token=",C77) -> https://jenkins.werfen.com/job/Werfen%20websites/job/Production%20environment/job/QA%20Transports/job/Werfen%20AT%20release/?token=WerfenATRelease1 | J77: 1
A78: Webs | B78: =CONCATENATE($I$4," ",I78,CHAR(10),CHAR(13),CHAR(10),CHAR(13),$H$4," ",H78) -> JENKINS_RESULT https://jenkins.werfen.com/job/Werfen%20websites/job/Production%20environment/job/QA%20Transports/job/Werfen%20AT%20hotfix/?token=WerfenATHotfix _x000D_ _x000D_JENKINS_TRANSPORT https://jenkins.werfen.com/job/Werfen%20websites/job/Production%20environment/job/QA%20Transports/job/Werfen%20AT%20hotfix/buildWithParameters?token=WerfenATHotfix&token2= | C78: WerfenATHotfix | D78: job/Werfen%20websites/job/Production%20environment/job/QA%20Transports/job/Werfen%20AT%20hotfix/ | E78: buildWithParameters | G78: Website Austria hotfix | H78: =CONCATENATE("https://jenkins.werfen.com/",D78,E78,"?token=",C78,"&token2=") -> https://jenkins.werfen.com/job/Werfen%20websites/job/Production%20environment/job/QA%20Transports/job/Werfen%20AT%20hotfix/buildWithParameters?token=WerfenATHotfix&token2= | I78: =_xlfn.CONCAT("https://jenkins.werfen.com/",D78,"?token=",C78) -> https://jenkins.werfen.com/job/Werfen%20websites/job/Production%20environment/job/QA%20Transports/job/Werfen%20AT%20hotfix/?token=WerfenATHotfix | J78: 1
A79: TicketLine | B79: =CONCATENATE($I$4," ",I79,CHAR(10),CHAR(13),CHAR(10),CHAR(13),$H$4," ",H79) -> JENKINS_RESULT https://jenkins.werfen.com/job/TicketLine/job/Production%20Environment/job/QA%20Transports/job/Deploy%20release/?token=TicketLineRelease1 _x000D_ _x000D_JENKINS_TRANSPORT https://jenkins.werfen.com/job/TicketLine/job/Production%20Environment/job/QA%20Transports/job/Deploy%20release/build?token=TicketLineRelease1&token2= | C79: TicketLineRelease1 | D79: job/TicketLine/job/Production%20Environment/job/QA%20Transports/job/Deploy%20release/ | E79: build | G79: TicketLine release | H79: =CONCATENATE("https://jenkins.werfen.com/",D79,E79,"?token=",C79,"&token2=") -> https://jenkins.werfen.com/job/TicketLine/job/Production%20Environment/job/QA%20Transports/job/Deploy%20release/build?token=TicketLineRelease1&token2= | I79: =_xlfn.CONCAT("https://jenkins.werfen.com/",D79,"?token=",C79) -> https://jenkins.werfen.com/job/TicketLine/job/Production%20Environment/job/QA%20Transports/job/Deploy%20release/?token=TicketLineRelease1 | J79: 1
A80: TicketLine | B80: =CONCATENATE($I$4," ",I80,CHAR(10),CHAR(13),CHAR(10),CHAR(13),$H$4," ",H80) -> JENKINS_RESULT https://jenkins.werfen.com/job/TicketLine/job/Production%20Environment/job/QA%20Transports/job/Deploy%20hotfix/?token=TicketLineHotfix _x000D_ _x000D_JENKINS_TRANSPORT https://jenkins.werfen.com/job/TicketLine/job/Production%20Environment/job/QA%20Transports/job/Deploy%20hotfix/build?token=TicketLineHotfix&token2= | C80: TicketLineHotfix | D80: job/TicketLine/job/Production%20Environment/job/QA%20Transports/job/Deploy%20hotfix/ | E80: build | G80: TicketLine hotfix | H80: =CONCATENATE("https://jenkins.werfen.com/",D80,E80,"?token=",C80,"&token2=") -> https://jenkins.werfen.com/job/TicketLine/job/Production%20Environment/job/QA%20Transports/job/Deploy%20hotfix/build?token=TicketLineHotfix&token2= | I80: =_xlfn.CONCAT("https://jenkins.werfen.com/",D80,"?token=",C80) -> https://jenkins.werfen.com/job/TicketLine/job/Production%20Environment/job/QA%20Transports/job/Deploy%20hotfix/?token=TicketLineHotfix | J80: 1
A81: TicketLine | B81: =CONCATENATE($I$4," ",I81,CHAR(10),CHAR(13),CHAR(10),CHAR(13),$H$4," ",H81) -> JENKINS_RESULT https://jenkins.werfen.com/job/TicketLine/job/Production%20Environment/job/QA%20Transports/job/Solr%20Middleware/?token=SolrMiddlewareRelease _x000D_ _x000D_JENKINS_TRANSPORT https://jenkins.werfen.com/job/TicketLine/job/Production%20Environment/job/QA%20Transports/job/Solr%20Middleware/build?token=SolrMiddlewareRelease&token2= | C81: SolrMiddlewareRelease | D81: job/TicketLine/job/Production%20Environment/job/QA%20Transports/job/Solr%20Middleware/ | E81: build | F81: 42 | G81: Solr Middleware legacy | H81: =CONCATENATE("https://jenkins.werfen.com/",D81,E81,"?token=",C81,"&token2=") -> https://jenkins.werfen.com/job/TicketLine/job/Production%20Environment/job/QA%20Transports/job/Solr%20Middleware/build?token=SolrMiddlewareRelease&token2= | I81: =_xlfn.CONCAT("https://jenkins.werfen.com/",D81,"?token=",C81) -> https://jenkins.werfen.com/job/TicketLine/job/Production%20Environment/job/QA%20Transports/job/Solr%20Middleware/?token=SolrMiddlewareRelease | J81: 0
A82: TicketLine | B82: =CONCATENATE($I$4," ",I82,CHAR(10),CHAR(13),CHAR(10),CHAR(13),$H$4," ",H82) -> JENKINS_RESULT https://jenkins.werfen.com/job/TicketLine/job/Production%20Environment/job/QA%20Transports/job/Solr%20Middleware%20release/?token=SolrMiddlewareRelease1 _x000D_ _x000D_JENKINS_TRANSPORT https://jenkins.werfen.com/job/TicketLine/job/Production%20Environment/job/QA%20Transports/job/Solr%20Middleware%20release/build?token=SolrMiddlewareRelease1&token2= | C82: SolrMiddlewareRelease1 | D82: job/TicketLine/job/Production%20Environment/job/QA%20Transports/job/Solr%20Middleware%20release/ | E82: build | G82: Solr Middleware release | H82: =CONCATENATE("https://jenkins.werfen.com/",D82,E82,"?token=",C82,"&token2=") -> https://jenkins.werfen.com/job/TicketLine/job/Production%20Environment/job/QA%20Transports/job/Solr%20Middleware%20release/build?token=SolrMiddlewareRelease1&token2= | I82: =_xlfn.CONCAT("https://jenkins.werfen.com/",D82,"?token=",C82) -> https://jenkins.werfen.com/job/TicketLine/job/Production%20Environment/job/QA%20Transports/job/Solr%20Middleware%20release/?token=SolrMiddlewareRelease1 | J82: 1
A83: TicketLine | B83: =CONCATENATE($I$4," ",I83,CHAR(10),CHAR(13),CHAR(10),CHAR(13),$H$4," ",H83) -> JENKINS_RESULT https://jenkins.werfen.com/job/TicketLine/job/Production%20Environment/job/QA%20Transports/job/Solr%20Middleware%20hotfix/?token=SolrMiddlewareHotfix _x000D_ _x000D_JENKINS_TRANSPORT https://jenkins.werfen.com/job/TicketLine/job/Production%20Environment/job/QA%20Transports/job/Solr%20Middleware%20hotfix/build?token=SolrMiddlewareHotfix&token2= | C83: SolrMiddlewareHotfix | D83: job/TicketLine/job/Production%20Environment/job/QA%20Transports/job/Solr%20Middleware%20hotfix/ | E83: build | G83: Solr Middleware hotfix | H83: =CONCATENATE("https://jenkins.werfen.com/",D83,E83,"?token=",C83,"&token2=") -> https://jenkins.werfen.com/job/TicketLine/job/Production%20Environment/job/QA%20Transports/job/Solr%20Middleware%20hotfix/build?token=SolrMiddlewareHotfix&token2= | I83: =_xlfn.CONCAT("https://jenkins.werfen.com/",D83,"?token=",C83) -> https://jenkins.werfen.com/job/TicketLine/job/Production%20Environment/job/QA%20Transports/job/Solr%20Middleware%20hotfix/?token=SolrMiddlewareHotfix | J83: 1
A84: WerfenDocs | B84: =CONCATENATE($I$4," ",I84,CHAR(10),CHAR(13),CHAR(10),CHAR(13),$H$4," ",H84) -> JENKINS_RESULT https://jenkins.werfen.com/job/WerfenDocs/job/Production/job/QA%20Transports/job/Werfen%20Docs%20Full%20Release/?token=WerfenDocsFullRelease _x000D_ _x000D_JENKINS_TRANSPORT https://jenkins.werfen.com/job/WerfenDocs/job/Production/job/QA%20Transports/job/Werfen%20Docs%20Full%20Release/build?token=WerfenDocsFullRelease&token2= | C84: WerfenDocsFullRelease | D84: job/WerfenDocs/job/Production/job/QA%20Transports/job/Werfen%20Docs%20Full%20Release/ | E84: build | F84: 29 | G84: Werfen DOCS legacy | H84: =CONCATENATE("https://jenkins.werfen.com/",D84,E84,"?token=",C84,"&token2=") -> https://jenkins.werfen.com/job/WerfenDocs/job/Production/job/QA%20Transports/job/Werfen%20Docs%20Full%20Release/build?token=WerfenDocsFullRelease&token2= | I84: =_xlfn.CONCAT("https://jenkins.werfen.com/",D84,"?token=",C84) -> https://jenkins.werfen.com/job/WerfenDocs/job/Production/job/QA%20Transports/job/Werfen%20Docs%20Full%20Release/?token=WerfenDocsFullRelease | J84: 0
A85: WerfenDocs | B85: =CONCATENATE($I$4," ",I85,CHAR(10),CHAR(13),CHAR(10),CHAR(13),$H$4," ",H85) -> JENKINS_RESULT https://jenkins.werfen.com/job/WerfenDocs/job/Production/job/QA%20Transports/job/Werfen%20Docs%20release/?token=WerfenDocsRelease _x000D_ _x000D_JENKINS_TRANSPORT https://jenkins.werfen.com/job/WerfenDocs/job/Production/job/QA%20Transports/job/Werfen%20Docs%20release/buildWithParameters?token=WerfenDocsRelease&token2= | C85: WerfenDocsRelease | D85: job/WerfenDocs/job/Production/job/QA%20Transports/job/Werfen%20Docs%20release/ | E85: buildWithParameters | G85: Werfen Docs release | H85: =CONCATENATE("https://jenkins.werfen.com/",D85,E85,"?token=",C85,"&token2=") -> https://jenkins.werfen.com/job/WerfenDocs/job/Production/job/QA%20Transports/job/Werfen%20Docs%20release/buildWithParameters?token=WerfenDocsRelease&token2= | I85: =_xlfn.CONCAT("https://jenkins.werfen.com/",D85,"?token=",C85) -> https://jenkins.werfen.com/job/WerfenDocs/job/Production/job/QA%20Transports/job/Werfen%20Docs%20release/?token=WerfenDocsRelease | J85: 1
A86: WerfenDocs | B86: =CONCATENATE($I$4," ",I86,CHAR(10),CHAR(13),CHAR(10),CHAR(13),$H$4," ",H86) -> JENKINS_RESULT https://jenkins.werfen.com/job/WerfenDocs/job/Production/job/QA%20Transports/job/Werfen%20Docs%20hotfix/?token=WerfenDocsHotfix _x000D_ _x000D_JENKINS_TRANSPORT https://jenkins.werfen.com/job/WerfenDocs/job/Production/job/QA%20Transports/job/Werfen%20Docs%20hotfix/buildWithParameters?token=WerfenDocsHotfix&token2= | C86: WerfenDocsHotfix | D86: job/WerfenDocs/job/Production/job/QA%20Transports/job/Werfen%20Docs%20hotfix/ | E86: buildWithParameters | G86: Werfen Docs hotfix | H86: =CONCATENATE("https://jenkins.werfen.com/",D86,E86,"?token=",C86,"&token2=") -> https://jenkins.werfen.com/job/WerfenDocs/job/Production/job/QA%20Transports/job/Werfen%20Docs%20hotfix/buildWithParameters?token=WerfenDocsHotfix&token2= | I86: =_xlfn.CONCAT("https://jenkins.werfen.com/",D86,"?token=",C86) -> https://jenkins.werfen.com/job/WerfenDocs/job/Production/job/QA%20Transports/job/Werfen%20Docs%20hotfix/?token=WerfenDocsHotfix | J86: 1
A87: CasePortal | B87: =CONCATENATE($I$4," ",I87,CHAR(10),CHAR(13),CHAR(10),CHAR(13),$H$4," ",H87) -> JENKINS_RESULT https://jenkins.werfen.com/job/Case%20Portal%20(Legacy)/job/Production%20Environment/job/QA%20Transports/job/Case%20Portal%20Legacy/?token=CasePortalRelease _x000D_ _x000D_JENKINS_TRANSPORT https://jenkins.werfen.com/job/Case%20Portal%20(Legacy)/job/Production%20Environment/job/QA%20Transports/job/Case%20Portal%20Legacy/build?token=CasePortalRelease&token2= | C87: CasePortalRelease | D87: job/Case%20Portal%20(Legacy)/job/Production%20Environment/job/QA%20Transports/job/Case%20Portal%20Legacy/ | E87: build | F87: 31 | G87: Old Case Portal legacy | H87: =CONCATENATE("https://jenkins.werfen.com/",D87,E87,"?token=",C87,"&token2=") -> https://jenkins.werfen.com/job/Case%20Portal%20(Legacy)/job/Production%20Environment/job/QA%20Transports/job/Case%20Portal%20Legacy/build?token=CasePortalRelease&token2= | I87: =_xlfn.CONCAT("https://jenkins.werfen.com/",D87,"?token=",C87) -> https://jenkins.werfen.com/job/Case%20Portal%20(Legacy)/job/Production%20Environment/job/QA%20Transports/job/Case%20Portal%20Legacy/?token=CasePortalRelease | J87: 0
A88: Webs | B88: =CONCATENATE($I$4," ",I88,CHAR(10),CHAR(13),CHAR(10),CHAR(13),$H$4," ",H88) -> JENKINS_RESULT https://jenkins.werfen.com/job/Middleware%20ADP/job/Production%20environment/job/QA%20Transports/job/Deploy%20site/?token=MiddlewareADPRelease _x000D_ _x000D_JENKINS_TRANSPORT https://jenkins.werfen.com/job/Middleware%20ADP/job/Production%20environment/job/QA%20Transports/job/Deploy%20site/buildWithParameters?token=MiddlewareADPRelease&token2= | C88: MiddlewareADPRelease | D88: job/Middleware%20ADP/job/Production%20environment/job/QA%20Transports/job/Deploy%20site/ | E88: buildWithParameters | F88: 43 | G88: Middleware ADP legacy | H88: =CONCATENATE("https://jenkins.werfen.com/",D88,E88,"?token=",C88,"&token2=") -> https://jenkins.werfen.com/job/Middleware%20ADP/job/Production%20environment/job/QA%20Transports/job/Deploy%20site/buildWithParameters?token=MiddlewareADPRelease&token2= | I88: =_xlfn.CONCAT("https://jenkins.werfen.com/",D88,"?token=",C88) -> https://jenkins.werfen.com/job/Middleware%20ADP/job/Production%20environment/job/QA%20Transports/job/Deploy%20site/?token=MiddlewareADPRelease | J88: 0
A89: Webs | B89: =CONCATENATE($I$4," ",I89,CHAR(10),CHAR(13),CHAR(10),CHAR(13),$H$4," ",H89) -> JENKINS_RESULT https://jenkins.werfen.com/job/Middleware%20ADP/job/Production%20environment/job/QA%20Transports/job/Deploy%20release/?token=MiddlewareADPRelease1 _x000D_ _x000D_JENKINS_TRANSPORT https://jenkins.werfen.com/job/Middleware%20ADP/job/Production%20environment/job/QA%20Transports/job/Deploy%20release/buildWithParameters?token=MiddlewareADPRelease1&token2= | C89: MiddlewareADPRelease1 | D89: job/Middleware%20ADP/job/Production%20environment/job/QA%20Transports/job/Deploy%20release/ | E89: buildWithParameters | F89: 43 | G89: Middleware ADP release | H89: =CONCATENATE("https://jenkins.werfen.com/",D89,E89,"?token=",C89,"&token2=") -> https://jenkins.werfen.com/job/Middleware%20ADP/job/Production%20environment/job/QA%20Transports/job/Deploy%20release/buildWithParameters?token=MiddlewareADPRelease1&token2= | I89: =_xlfn.CONCAT("https://jenkins.werfen.com/",D89,"?token=",C89) -> https://jenkins.werfen.com/job/Middleware%20ADP/job/Production%20environment/job/QA%20Transports/job/Deploy%20release/?token=MiddlewareADPRelease1 | J89: 1
A90: Webs | B90: =CONCATENATE($I$4," ",I90,CHAR(10),CHAR(13),CHAR(10),CHAR(13),$H$4," ",H90) -> JENKINS_RESULT https://jenkins.werfen.com/job/Middleware%20ADP/job/Production%20environment/job/QA%20Transports/job/Deploy%20hotfix/?token=MiddlewareADPHotfix _x000D_ _x000D_JENKINS_TRANSPORT https://jenkins.werfen.com/job/Middleware%20ADP/job/Production%20environment/job/QA%20Transports/job/Deploy%20hotfix/buildWithParameters?token=MiddlewareADPHotfix&token2= | C90: MiddlewareADPHotfix | D90: job/Middleware%20ADP/job/Production%20environment/job/QA%20Transports/job/Deploy%20hotfix/ | E90: buildWithParameters | F90: 43 | G90: Middleware ADP hotfix | H90: =CONCATENATE("https://jenkins.werfen.com/",D90,E90,"?token=",C90,"&token2=") -> https://jenkins.werfen.com/job/Middleware%20ADP/job/Production%20environment/job/QA%20Transports/job/Deploy%20hotfix/buildWithParameters?token=MiddlewareADPHotfix&token2= | I90: =_xlfn.CONCAT("https://jenkins.werfen.com/",D90,"?token=",C90) -> https://jenkins.werfen.com/job/Middleware%20ADP/job/Production%20environment/job/QA%20Transports/job/Deploy%20hotfix/?token=MiddlewareADPHotfix | J90: 1
A91: MonthlyReport | B91: =CONCATENATE($I$4," ",I91,CHAR(10),CHAR(13),CHAR(10),CHAR(13),$H$4," ",H91) -> JENKINS_RESULT https://jenkins.werfen.com/job/Monthly%20Report/job/Production%20Environment/job/QA%20Transports/job/Deploy/?token=MonthlyReportRelease _x000D_ _x000D_JENKINS_TRANSPORT https://jenkins.werfen.com/job/Monthly%20Report/job/Production%20Environment/job/QA%20Transports/job/Deploy/buildWithParameters?token=MonthlyReportRelease&token2= | C91: MonthlyReportRelease | D91: job/Monthly%20Report/job/Production%20Environment/job/QA%20Transports/job/Deploy/ | E91: buildWithParameters | F91: 44 | G91: MonthlyReport legacy | H91: =CONCATENATE("https://jenkins.werfen.com/",D91,E91,"?token=",C91,"&token2=") -> https://jenkins.werfen.com/job/Monthly%20Report/job/Production%20Environment/job/QA%20Transports/job/Deploy/buildWithParameters?token=MonthlyReportRelease&token2= | I91: =_xlfn.CONCAT("https://jenkins.werfen.com/",D91,"?token=",C91) -> https://jenkins.werfen.com/job/Monthly%20Report/job/Production%20Environment/job/QA%20Transports/job/Deploy/?token=MonthlyReportRelease | J91: 0
A92: MonthlyReport | B92: =CONCATENATE($I$4," ",I92,CHAR(10),CHAR(13),CHAR(10),CHAR(13),$H$4," ",H92) -> JENKINS_RESULT https://jenkins.werfen.com/job/Monthly%20Report/job/Production%20Environment/job/QA%20Transports/job/Deploy%20release/?token=MonthlyReportRelease1 _x000D_ _x000D_JENKINS_TRANSPORT https://jenkins.werfen.com/job/Monthly%20Report/job/Production%20Environment/job/QA%20Transports/job/Deploy%20release/buildWithParameters?token=MonthlyReportRelease1&token2= | C92: MonthlyReportRelease1 | D92: job/Monthly%20Report/job/Production%20Environment/job/QA%20Transports/job/Deploy%20release/ | E92: buildWithParameters | F92: 44 | G92: MonthlyReport release | H92: =CONCATENATE("https://jenkins.werfen.com/",D92,E92,"?token=",C92,"&token2=") -> https://jenkins.werfen.com/job/Monthly%20Report/job/Production%20Environment/job/QA%20Transports/job/Deploy%20release/buildWithParameters?token=MonthlyReportRelease1&token2= | I92: =_xlfn.CONCAT("https://jenkins.werfen.com/",D92,"?token=",C92) -> https://jenkins.werfen.com/job/Monthly%20Report/job/Production%20Environment/job/QA%20Transports/job/Deploy%20release/?token=MonthlyReportRelease1 | J92: 1
A93: MonthlyReport | B93: =CONCATENATE($I$4," ",I93,CHAR(10),CHAR(13),CHAR(10),CHAR(13),$H$4," ",H93) -> JENKINS_RESULT https://jenkins.werfen.com/job/Monthly%20Report/job/Production%20Environment/job/QA%20Transports/job/Deploy%20hotfix/?token=MonthlyReportHotfix _x000D_ _x000D_JENKINS_TRANSPORT https://jenkins.werfen.com/job/Monthly%20Report/job/Production%20Environment/job/QA%20Transports/job/Deploy%20hotfix/buildWithParameters?token=MonthlyReportHotfix&token2= | C93: MonthlyReportHotfix | D93: job/Monthly%20Report/job/Production%20Environment/job/QA%20Transports/job/Deploy%20hotfix/ | E93: buildWithParameters | F93: 44 | G93: MonthlyReport hotfix | H93: =CONCATENATE("https://jenkins.werfen.com/",D93,E93,"?token=",C93,"&token2=") -> https://jenkins.werfen.com/job/Monthly%20Report/job/Production%20Environment/job/QA%20Transports/job/Deploy%20hotfix/buildWithParameters?token=MonthlyReportHotfix&token2= | I93: =_xlfn.CONCAT("https://jenkins.werfen.com/",D93,"?token=",C93) -> https://jenkins.werfen.com/job/Monthly%20Report/job/Production%20Environment/job/QA%20Transports/job/Deploy%20hotfix/?token=MonthlyReportHotfix | J93: 1
A94: myClaims | B94: =CONCATENATE($I$4," ",I94,CHAR(10),CHAR(13),CHAR(10),CHAR(13),$H$4," ",H94) -> JENKINS_RESULT https://jenkins.werfen.com/job/myClaims/job/Production%20Environment/job/QA%20Transports/job/Deploy%20to%20prod/?token=myClaimsRelease _x000D_ _x000D_JENKINS_TRANSPORT https://jenkins.werfen.com/job/myClaims/job/Production%20Environment/job/QA%20Transports/job/Deploy%20to%20prod/buildWithParameters?token=myClaimsRelease&token2= | C94: myClaimsRelease | D94: job/myClaims/job/Production%20Environment/job/QA%20Transports/job/Deploy%20to%20prod/ | E94: buildWithParameters | F94: 45 | G94: myClaims legacy | H94: =CONCATENATE("https://jenkins.werfen.com/",D94,E94,"?token=",C94,"&token2=") -> https://jenkins.werfen.com/job/myClaims/job/Production%20Environment/job/QA%20Transports/job/Deploy%20to%20prod/buildWithParameters?token=myClaimsRelease&token2= | I94: =_xlfn.CONCAT("https://jenkins.werfen.com/",D94,"?token=",C94) -> https://jenkins.werfen.com/job/myClaims/job/Production%20Environment/job/QA%20Transports/job/Deploy%20to%20prod/?token=myClaimsRelease | J94: 0
A95: myClaims | B95: =CONCATENATE($I$4," ",I95,CHAR(10),CHAR(13),CHAR(10),CHAR(13),$H$4," ",H95) -> JENKINS_RESULT https://jenkins.werfen.com/job/myClaims/job/Production%20Environment/job/QA%20Transports/job/Deploy%20release/?token=myClaimsRelease1 _x000D_ _x000D_JENKINS_TRANSPORT https://jenkins.werfen.com/job/myClaims/job/Production%20Environment/job/QA%20Transports/job/Deploy%20release/buildWithParameters?token=myClaimsRelease1&token2= | C95: myClaimsRelease1 | D95: job/myClaims/job/Production%20Environment/job/QA%20Transports/job/Deploy%20release/ | E95: buildWithParameters | F95: 45 | G95: myClaims release | H95: =CONCATENATE("https://jenkins.werfen.com/",D95,E95,"?token=",C95,"&token2=") -> https://jenkins.werfen.com/job/myClaims/job/Production%20Environment/job/QA%20Transports/job/Deploy%20release/buildWithParameters?token=myClaimsRelease1&token2= | I95: =_xlfn.CONCAT("https://jenkins.werfen.com/",D95,"?token=",C95) -> https://jenkins.werfen.com/job/myClaims/job/Production%20Environment/job/QA%20Transports/job/Deploy%20release/?token=myClaimsRelease1 | J95: 1
A96: myClaims | B96: =CONCATENATE($I$4," ",I96,CHAR(10),CHAR(13),CHAR(10),CHAR(13),$H$4," ",H96) -> JENKINS_RESULT https://jenkins.werfen.com/job/myClaims/job/Production%20Environment/job/QA%20Transports/job/Deploy%20release/?token=myClaimsHotfix _x000D_ _x000D_JENKINS_TRANSPORT https://jenkins.werfen.com/job/myClaims/job/Production%20Environment/job/QA%20Transports/job/Deploy%20release/buildWithParameters?token=myClaimsHotfix&token2= | C96: myClaimsHotfix | D96: job/myClaims/job/Production%20Environment/job/QA%20Transports/job/Deploy%20release/ | E96: buildWithParameters | F96: 45 | G96: myClaims hotfix | H96: =CONCATENATE("https://jenkins.werfen.com/",D96,E96,"?token=",C96,"&token2=") -> https://jenkins.werfen.com/job/myClaims/job/Production%20Environment/job/QA%20Transports/job/Deploy%20release/buildWithParameters?token=myClaimsHotfix&token2= | I96: =_xlfn.CONCAT("https://jenkins.werfen.com/",D96,"?token=",C96) -> https://jenkins.werfen.com/job/myClaims/job/Production%20Environment/job/QA%20Transports/job/Deploy%20release/?token=myClaimsHotfix | J96: 1
A97: myClaims | B97: =CONCATENATE($I$4," ",I97,CHAR(10),CHAR(13),CHAR(10),CHAR(13),$H$4," ",H97) -> JENKINS_RESULT https://jenkins.werfen.com/job/myClaims/job/Production%20Environment/job/QA%20Transports/job/Deploy%20to%20prod%20CN/?token=myClaimsCNRelease _x000D_ _x000D_JENKINS_TRANSPORT https://jenkins.werfen.com/job/myClaims/job/Production%20Environment/job/QA%20Transports/job/Deploy%20to%20prod%20CN/buildWithParameters?token=myClaimsCNRelease&token2= | C97: myClaimsCNRelease | D97: job/myClaims/job/Production%20Environment/job/QA%20Transports/job/Deploy%20to%20prod%20CN/ | E97: buildWithParameters | F97: 46 | G97: myClaimsChina | H97: =CONCATENATE("https://jenkins.werfen.com/",D97,E97,"?token=",C97,"&token2=") -> https://jenkins.werfen.com/job/myClaims/job/Production%20Environment/job/QA%20Transports/job/Deploy%20to%20prod%20CN/buildWithParameters?token=myClaimsCNRelease&token2= | I97: =_xlfn.CONCAT("https://jenkins.werfen.com/",D97,"?token=",C97) -> https://jenkins.werfen.com/job/myClaims/job/Production%20Environment/job/QA%20Transports/job/Deploy%20to%20prod%20CN/?token=myClaimsCNRelease | J97: 0
A98: myClaims | B98: =CONCATENATE($I$4," ",I98,CHAR(10),CHAR(13),CHAR(10),CHAR(13),$H$4," ",H98) -> JENKINS_RESULT https://jenkins.werfen.com/job/myClaims/job/Production%20Environment/job/QA%20Transports/job/Deploy%20CN%20release/?token=myClaimsCNRelease1 _x000D_ _x000D_JENKINS_TRANSPORT https://jenkins.werfen.com/job/myClaims/job/Production%20Environment/job/QA%20Transports/job/Deploy%20CN%20release/buildWithParameters?token=myClaimsCNRelease1&token2= | C98: myClaimsCNRelease1 | D98: job/myClaims/job/Production%20Environment/job/QA%20Transports/job/Deploy%20CN%20release/ | E98: buildWithParameters | G98: myClaimsChina release | H98: =CONCATENATE("https://jenkins.werfen.com/",D98,E98,"?token=",C98,"&token2=") -> https://jenkins.werfen.com/job/myClaims/job/Production%20Environment/job/QA%20Transports/job/Deploy%20CN%20release/buildWithParameters?token=myClaimsCNRelease1&token2= | I98: =_xlfn.CONCAT("https://jenkins.werfen.com/",D98,"?token=",C98) -> https://jenkins.werfen.com/job/myClaims/job/Production%20Environment/job/QA%20Transports/job/Deploy%20CN%20release/?token=myClaimsCNRelease1 | J98: 1
A99: myClaims | B99: =CONCATENATE($I$4," ",I99,CHAR(10),CHAR(13),CHAR(10),CHAR(13),$H$4," ",H99) -> JENKINS_RESULT https://jenkins.werfen.com/job/myClaims/job/Production%20Environment/job/QA%20Transports/job/Deploy%20CN%20hotfix/?token=myClaimsCNHotfix _x000D_ _x000D_JENKINS_TRANSPORT https://jenkins.werfen.com/job/myClaims/job/Production%20Environment/job/QA%20Transports/job/Deploy%20CN%20hotfix/buildWithParameters?token=myClaimsCNHotfix&token2= | C99: myClaimsCNHotfix | D99: job/myClaims/job/Production%20Environment/job/QA%20Transports/job/Deploy%20CN%20hotfix/ | E99: buildWithParameters | G99: myClaimsChina hotfix | H99: =CONCATENATE("https://jenkins.werfen.com/",D99,E99,"?token=",C99,"&token2=") -> https://jenkins.werfen.com/job/myClaims/job/Production%20Environment/job/QA%20Transports/job/Deploy%20CN%20hotfix/buildWithParameters?token=myClaimsCNHotfix&token2= | I99: =_xlfn.CONCAT("https://jenkins.werfen.com/",D99,"?token=",C99) -> https://jenkins.werfen.com/job/myClaims/job/Production%20Environment/job/QA%20Transports/job/Deploy%20CN%20hotfix/?token=myClaimsCNHotfix | J99: 1
A100: myOrders | B100: =CONCATENATE($I$4," ",I100,CHAR(10),CHAR(13),CHAR(10),CHAR(13),$H$4," ",H100) -> JENKINS_RESULT https://jenkins.werfen.com/job/myOrders/job/Production%20Environment/job/QA%20Transport/job/QA%20Transport/?token=myOrdersRelease _x000D_ _x000D_JENKINS_TRANSPORT https://jenkins.werfen.com/job/myOrders/job/Production%20Environment/job/QA%20Transport/job/QA%20Transport/buildWithParameters?token=myOrdersRelease&token2= | C100: myOrdersRelease | D100: job/myOrders/job/Production%20Environment/job/QA%20Transport/job/QA%20Transport/ | E100: buildWithParameters | F100: 47 | G100: myOrderslegacy | H100: =CONCATENATE("https://jenkins.werfen.com/",D100,E100,"?token=",C100,"&token2=") -> https://jenkins.werfen.com/job/myOrders/job/Production%20Environment/job/QA%20Transport/job/QA%20Transport/buildWithParameters?token=myOrdersRelease&token2= | I100: =_xlfn.CONCAT("https://jenkins.werfen.com/",D100,"?token=",C100) -> https://jenkins.werfen.com/job/myOrders/job/Production%20Environment/job/QA%20Transport/job/QA%20Transport/?token=myOrdersRelease | J100: 0
...

Sheet for SAP
A1: Jenkins ID | B1: Description | C1: Transport Job URL | D1: Transport Result URL | E1: API Token | F1: Valid to
A2: =Transports!F5 -> 1 | B2: =Transports!$G5 -> All werfen sites legacy | C2: =CONCATENATE("https://jenkins.werfen.com/",Transports!$D5,Transports!$E5,"?token=",Transports!$C5,"&token2=") -> https://jenkins.werfen.com/job/Werfen%20websites/job/Production%20environment/job/QA%20Transports/job/All%20werfen.com%20sites/build?token=WerfenALLRelease&token2= | D2: =_xlfn.CONCAT("https://jenkins.werfen.com/",Transports!$D5,"?token=",Transports!$C5) -> https://jenkins.werfen.com/job/Werfen%20websites/job/Production%20environment/job/QA%20Transports/job/All%20werfen.com%20sites/?token=WerfenALLRelease | E2: =Transports!$C$2 -> 11670cc89254539b7527b5113a68e6edb6 | F2: =Transports!$D$3 -> 45962
A3: =Transports!F8 -> 8 | B3: =Transports!$G8 -> Website Czechia legacy | C3: =CONCATENATE("https://jenkins.werfen.com/",Transports!$D8,Transports!$E8,"?token=",Transports!$C8,"&token2=") -> https://jenkins.werfen.com/job/Werfen%20websites/job/Production%20environment/job/QA%20Transports/job/Werfen%20CZ/buildWithParameters?token=WerfenCZRelease&token2= | D3: =_xlfn.CONCAT("https://jenkins.werfen.com/",Transports!$D8,"?token=",Transports!$C8) -> https://jenkins.werfen.com/job/Werfen%20websites/job/Production%20environment/job/QA%20Transports/job/Werfen%20CZ/?token=WerfenCZRelease | E3: =Transports!$C$2 -> 11670cc89254539b7527b5113a68e6edb6 | F3: =Transports!$D$3 -> 45962
A4: =Transports!F11 -> 22 | B4: =Transports!$G11 -> Website Russia legacy | C4: =CONCATENATE("https://jenkins.werfen.com/",Transports!$D11,Transports!$E11,"?token=",Transports!$C11,"&token2=") -> https://jenkins.werfen.com/job/Werfen%20websites/job/Production%20environment/job/QA%20Transports/job/Werfen%20RU/buildWithParameters?token=WerfenRURelease&token2= | D4: =_xlfn.CONCAT("https://jenkins.werfen.com/",Transports!$D11,"?token=",Transports!$C11) -> https://jenkins.werfen.com/job/Werfen%20websites/job/Production%20environment/job/QA%20Transports/job/Werfen%20RU/?token=WerfenRURelease | E4: =Transports!$C$2 -> 11670cc89254539b7527b5113a68e6edb6 | F4: =Transports!$D$3 -> 45962
A5: =Transports!F14 -> 4 | B5: =Transports!$G14 -> Website AUSTRALIA legacy | C5: =CONCATENATE("https://jenkins.werfen.com/",Transports!$D14,Transports!$E14,"?token=",Transports!$C14,"&token2=") -> https://jenkins.werfen.com/job/Werfen%20websites/job/Production%20environment/job/QA%20Transports/job/Werfen%20AU/buildWithParameters?token=WerfenAURelease&token2= | D5: =_xlfn.CONCAT("https://jenkins.werfen.com/",Transports!$D14,"?token=",Transports!$C14) -> https://jenkins.werfen.com/job/Werfen%20websites/job/Production%20environment/job/QA%20Transports/job/Werfen%20AU/?token=WerfenAURelease | E5: =Transports!$C$2 -> 11670cc89254539b7527b5113a68e6edb6 | F5: =Transports!$D$3 -> 45962
A6: =Transports!F17 -> 28 | B6: =Transports!$G17 -> WeListen legacy | C6: =CONCATENATE("https://jenkins.werfen.com/",Transports!$D17,Transports!$E17,"?token=",Transports!$C17,"&token2=") -> https://jenkins.werfen.com/job/WeListen/job/Production%20environment/job/QA%20Transports/job/Deploy%20site/buildWithParameters?token=welistenRelease&token2= | D6: =_xlfn.CONCAT("https://jenkins.werfen.com/",Transports!$D17,"?token=",Transports!$C17) -> https://jenkins.werfen.com/job/WeListen/job/Production%20environment/job/QA%20Transports/job/Deploy%20site/?token=welistenRelease | E6: =Transports!$C$2 -> 11670cc89254539b7527b5113a68e6edb6 | F6: =Transports!$D$3 -> 45962
A7: =Transports!F20 -> 9 | B7: =Transports!$G20 -> Website FRANCE legacy | C7: =CONCATENATE("https://jenkins.werfen.com/",Transports!$D20,Transports!$E20,"?token=",Transports!$C20,"&token2=") -> https://jenkins.werfen.com/job/Werfen%20websites/job/Production%20environment/job/QA%20Transports/job/Werfen%20FR/buildWithParameters?token=WerfenFRRelease&token2= | D7: =_xlfn.CONCAT("https://jenkins.werfen.com/",Transports!$D20,"?token=",Transports!$C20) -> https://jenkins.werfen.com/job/Werfen%20websites/job/Production%20environment/job/QA%20Transports/job/Werfen%20FR/?token=WerfenFRRelease | E7: =Transports!$C$2 -> 11670cc89254539b7527b5113a68e6edb6 | F7: =Transports!$D$3 -> 45962
A8: =Transports!F24 -> 0 | B8: =Transports!$G24 -> Website Italy release | C8: =CONCATENATE("https://jenkins.werfen.com/",Transports!$D24,Transports!$E24,"?token=",Transports!$C24,"&token2=") -> https://jenkins.werfen.com/job/Werfen%20websites/job/Production%20environment/job/QA%20Transports/job/Werfen%20IT%20release/buildWithParameters?token=WerfenITRelease1&token2= | D8: =_xlfn.CONCAT("https://jenkins.werfen.com/",Transports!$D24,"?token=",Transports!$C24) -> https://jenkins.werfen.com/job/Werfen%20websites/job/Production%20environment/job/QA%20Transports/job/Werfen%20IT%20release/?token=WerfenITRelease1 | E8: =Transports!$C$2 -> 11670cc89254539b7527b5113a68e6edb6 | F8: =Transports!$D$3 -> 45962
A9: =Transports!F26 -> 24 | B9: =Transports!$G26 -> Website UK legacy | C9: =CONCATENATE("https://jenkins.werfen.com/",Transports!$D26,Transports!$E26,"?token=",Transports!$C26,"&token2=") -> https://jenkins.werfen.com/job/Werfen%20websites/job/Production%20environment/job/QA%20Transports/job/Werfen%20UK/buildWithParameters?token=WerfenUKRelease&token2= | D9: =_xlfn.CONCAT("https://jenkins.werfen.com/",Transports!$D26,"?token=",Transports!$C26) -> https://jenkins.werfen.com/job/Werfen%20websites/job/Production%20environment/job/QA%20Transports/job/Werfen%20UK/?token=WerfenUKRelease | E9: =Transports!$C$2 -> 11670cc89254539b7527b5113a68e6edb6 | F9: =Transports!$D$3 -> 45962
A10: =Transports!F29 -> 2 | B10: =Transports!$G29 -> Website Corporate legacy | C10: =CONCATENATE("https://jenkins.werfen.com/",Transports!$D29,Transports!$E29,"?token=",Transports!$C29,"&token2=") -> https://jenkins.werfen.com/job/Werfen%20websites/job/Production%20environment/job/QA%20Transports/job/Werfen%20WW/buildWithParameters?token=WerfenWWRelease&token2= | D10: =_xlfn.CONCAT("https://jenkins.werfen.com/",Transports!$D29,"?token=",Transports!$C29) -> https://jenkins.werfen.com/job/Werfen%20websites/job/Production%20environment/job/QA%20Transports/job/Werfen%20WW/?token=WerfenWWRelease | E10: =Transports!$C$2 -> 11670cc89254539b7527b5113a68e6edb6 | F10: =Transports!$D$3 -> 45962
A11: =Transports!F32 -> 18 | B11: =Transports!$G32 -> Website Mexico legacy | C11: =CONCATENATE("https://jenkins.werfen.com/",Transports!$D32,Transports!$E32,"?token=",Transports!$C32,"&token2=") -> https://jenkins.werfen.com/job/Werfen%20websites/job/Production%20environment/job/QA%20Transports/job/Werfen%20MX/buildWithParameters?token=WerfenMXRelease&token2= | D11: =_xlfn.CONCAT("https://jenkins.werfen.com/",Transports!$D32,"?token=",Transports!$C32) -> https://jenkins.werfen.com/job/Werfen%20websites/job/Production%20environment/job/QA%20Transports/job/Werfen%20MX/?token=WerfenMXRelease | E11: =Transports!$C$2 -> 11670cc89254539b7527b5113a68e6edb6 | F11: =Transports!$D$3 -> 45962
A12: =Transports!F35 -> 23 | B12: =Transports!$G35 -> Website Spain legacy | C12: =CONCATENATE("https://jenkins.werfen.com/",Transports!$D35,Transports!$E35,"?token=",Transports!$C35,"&token2=") -> https://jenkins.werfen.com/job/Werfen%20websites/job/Production%20environment/job/QA%20Transports/job/Werfen%20ES/buildWithParameters?token=WerfenESRelease&token2= | D12: =_xlfn.CONCAT("https://jenkins.werfen.com/",Transports!$D35,"?token=",Transports!$C35) -> https://jenkins.werfen.com/job/Werfen%20websites/job/Production%20environment/job/QA%20Transports/job/Werfen%20ES/?token=WerfenESRelease | E12: =Transports!$C$2 -> 11670cc89254539b7527b5113a68e6edb6 | F12: =Transports!$D$3 -> 45962
A13: =Transports!F38 -> 5 | B13: =Transports!$G38 -> Website Benelux legacy | C13: =CONCATENATE("https://jenkins.werfen.com/",Transports!$D38,Transports!$E38,"?token=",Transports!$C38,"&token2=") -> https://jenkins.werfen.com/job/Werfen%20websites/job/Production%20environment/job/QA%20Transports/job/Werfen%20Benelux/buildWithParameters?token=WerfenBeneluxRelease&token2= | D13: =_xlfn.CONCAT("https://jenkins.werfen.com/",Transports!$D38,"?token=",Transports!$C38) -> https://jenkins.werfen.com/job/Werfen%20websites/job/Production%20environment/job/QA%20Transports/job/Werfen%20Benelux/?token=WerfenBeneluxRelease | E13: =Transports!$C$2 -> 11670cc89254539b7527b5113a68e6edb6 | F13: =Transports!$D$3 -> 45962
A14: =Transports!F41 -> 27 | B14: =Transports!$G41 -> SSM web legacy | C14: =CONCATENATE("https://jenkins.werfen.com/",Transports!$D41,Transports!$E41,"?token=",Transports!$C41,"&token2=") -> https://jenkins.werfen.com/job/WeNet/job/Production%20environment/job/QA%20Transports/job/SSM%20website/buildWithParameters?token=wenetSSMweb&token2= | D14: =_xlfn.CONCAT("https://jenkins.werfen.com/",Transports!$D41,"?token=",Transports!$C41) -> https://jenkins.werfen.com/job/WeNet/job/Production%20environment/job/QA%20Transports/job/SSM%20website/?token=wenetSSMweb | E14: =Transports!$C$2 -> 11670cc89254539b7527b5113a68e6edb6 | F14: =Transports!$D$3 -> 45962
A15: =Transports!F42 -> 26 | B15: =Transports!$G42 -> WeNet legacy | C15: =CONCATENATE("https://jenkins.werfen.com/",Transports!$D42,Transports!$E42,"?token=",Transports!$C42,"&token2=") -> https://jenkins.werfen.com/job/WeNet/job/Production%20environment/job/QA%20Transports/job/Deploy%20site/buildWithParameters?token=wenetRelease&token2= | D15: =_xlfn.CONCAT("https://jenkins.werfen.com/",Transports!$D42,"?token=",Transports!$C42) -> https://jenkins.werfen.com/job/WeNet/job/Production%20environment/job/QA%20Transports/job/Deploy%20site/?token=wenetRelease | E15: =Transports!$C$2 -> 11670cc89254539b7527b5113a68e6edb6 | F15: =Transports!$D$3 -> 45962
A16: =Transports!F45 -> 25 | B16: =Transports!$G45 -> Website BI (QlikSense) legacy | C16: =CONCATENATE("https://jenkins.werfen.com/",Transports!$D45,Transports!$E45,"?token=",Transports!$C45,"&token2=") -> https://jenkins.werfen.com/job/Werfen%20websites/job/Production%20environment/job/QA%20Transports/job/QLikSense%20Release/buildWithParameters?token=QlikSenseRelease&token2= | D16: =_xlfn.CONCAT("https://jenkins.werfen.com/",Transports!$D45,"?token=",Transports!$C45) -> https://jenkins.werfen.com/job/Werfen%20websites/job/Production%20environment/job/QA%20Transports/job/QLikSense%20Release/?token=QlikSenseRelease | E16: =Transports!$C$2 -> 11670cc89254539b7527b5113a68e6edb6 | F16: =Transports!$D$3 -> 45962
A17: =Transports!F48 -> 10 | B17: =Transports!$G48 -> Website Germany legacy | C17: =CONCATENATE("https://jenkins.werfen.com/",Transports!$D48,Transports!$E48,"?token=",Transports!$C48,"&token2=") -> https://jenkins.werfen.com/job/Werfen%20websites/job/Production%20environment/job/QA%20Transports/job/Werfen%20DE/buildWithParameters?token=WerfenDERelease&token2= | D17: =_xlfn.CONCAT("https://jenkins.werfen.com/",Transports!$D48,"?token=",Transports!$C48) -> https://jenkins.werfen.com/job/Werfen%20websites/job/Production%20environment/job/QA%20Transports/job/Werfen%20DE/?token=WerfenDERelease | E17: =Transports!$C$2 -> 11670cc89254539b7527b5113a68e6edb6 | F17: =Transports!$D$3 -> 45962
A18: =Transports!F51 -> 6 | B18: =Transports!$G51 -> Website Brazil legacy | C18: =CONCATENATE("https://jenkins.werfen.com/",Transports!$D51,Transports!$E51,"?token=",Transports!$C51,"&token2=") -> https://jenkins.werfen.com/job/Werfen%20websites/job/Production%20environment/job/QA%20Transports/job/Werfen%20BR/buildWithParameters?token=WerfenBRRelease&token2= | D18: =_xlfn.CONCAT("https://jenkins.werfen.com/",Transports!$D51,"?token=",Transports!$C51) -> https://jenkins.werfen.com/job/Werfen%20websites/job/Production%20environment/job/QA%20Transports/job/Werfen%20BR/?token=WerfenBRRelease | E18: =Transports!$C$2 -> 11670cc89254539b7527b5113a68e6edb6 | F18: =Transports!$D$3 -> 45962
A19: =Transports!F54 -> 16 | B19: =Transports!$G54 -> Website Leventon legacy | C19: =CONCATENATE("https://jenkins.werfen.com/",Transports!$D54,Transports!$E54,"?token=",Transports!$C54,"&token2=") -> https://jenkins.werfen.com/job/Werfen%20websites/job/Production%20environment/job/QA%20Transports/job/Leventon/buildWithParameters?token=LeventonRelease&token2= | D19: =_xlfn.CONCAT("https://jenkins.werfen.com/",Transports!$D54,"?token=",Transports!$C54) -> https://jenkins.werfen.com/job/Werfen%20websites/job/Production%20environment/job/QA%20Transports/job/Leventon/?token=LeventonRelease | E19: =Transports!$C$2 -> 11670cc89254539b7527b5113a68e6edb6 | F19: =Transports!$D$3 -> 45962
A20: =Transports!F59 -> 0 | B20: =Transports!$G59 -> Website Portugal hotfix | C20: =CONCATENATE("https://jenkins.werfen.com/",Transports!$D59,Transports!$E59,"?token=",Transports!$C59,"&token2=") -> https://jenkins.werfen.com/job/Werfen%20websites/job/Production%20environment/job/QA%20Transports/job/Werfen%20PT%20hotfix/buildWithParameters?token=WerfenPTHotifx&token2= | D20: =_xlfn.CONCAT("https://jenkins.werfen.com/",Transports!$D59,"?token=",Transports!$C59) -> https://jenkins.werfen.com/job/Werfen%20websites/job/Production%20environment/job/QA%20Transports/job/Werfen%20PT%20hotfix/?token=WerfenPTHotifx | E20: =Transports!$C$2 -> 11670cc89254539b7527b5113a68e6edb6 | F20: =Transports!$D$3 -> 45962
A21: =Transports!F60 -> 15 | B21: =Transports!$G60 -> Website Korea legacy | C21: =CONCATENATE("https://jenkins.werfen.com/",Transports!$D60,Transports!$E60,"?token=",Transports!$C60,"&token2=") -> https://jenkins.werfen.com/job/Werfen%20websites/job/Production%20environment/job/QA%20Transports/job/Werfen%20KR/buildWithParameters?token=WerfenKRRelease&token2= | D21: =_xlfn.CONCAT("https://jenkins.werfen.com/",Transports!$D60,"?token=",Transports!$C60) -> https://jenkins.werfen.com/job/Werfen%20websites/job/Production%20environment/job/QA%20Transports/job/Werfen%20KR/?token=WerfenKRRelease | E21: =Transports!$C$2 -> 11670cc89254539b7527b5113a68e6edb6 | F21: =Transports!$D$3 -> 45962
A22: =Transports!F63 -> 14 | B22: =Transports!$G63 -> Website Japan legacy | C22: =CONCATENATE("https://jenkins.werfen.com/",Transports!$D63,Transports!$E63,"?token=",Transports!$C63,"&token2=") -> https://jenkins.werfen.com/job/Werfen%20websites/job/Production%20environment/job/QA%20Transports/job/Werfen%20JP/buildWithParameters?token=WerfenJPRelease&token2= | D22: =_xlfn.CONCAT("https://jenkins.werfen.com/",Transports!$D63,"?token=",Transports!$C63) -> https://jenkins.werfen.com/job/Werfen%20websites/job/Production%20environment/job/QA%20Transports/job/Werfen%20JP/?token=WerfenJPRelease | E22: =Transports!$C$2 -> 11670cc89254539b7527b5113a68e6edb6 | F22: =Transports!$D$3 -> 45962
A23: =Transports!F66 -> 7 | B23: =Transports!$G66 -> Website China AWS legacy | C23: =CONCATENATE("https://jenkins.werfen.com/",Transports!$D66,Transports!$E66,"?token=",Transports!$C66,"&token2=") -> https://jenkins.werfen.com/job/Werfen%20websites/job/Production%20environment/job/QA%20Transports/job/Werfen%20CN%20-%20AWS/build?token=WerfenCNRelease&token2= | D23: =_xlfn.CONCAT("https://jenkins.werfen.com/",Transports!$D66,"?token=",Transports!$C66) -> https://jenkins.werfen.com/job/Werfen%20websites/job/Production%20environment/job/QA%20Transports/job/Werfen%20CN%20-%20AWS/?token=WerfenCNRelease | E23: =Transports!$C$2 -> 11670cc89254539b7527b5113a68e6edb6 | F23: =Transports!$D$3 -> 45962
A24: =Transports!F69 -> 20 | B24: =Transports!$G69 -> Website OEM legacy | C24: =CONCATENATE("https://jenkins.werfen.com/",Transports!$D69,Transports!$E69,"?token=",Transports!$C69,"&token2=") -> https://jenkins.werfen.com/job/Werfen%20websites/job/Production%20environment/job/QA%20Transports/job/Werfen%20OEM/buildWithParameters?token=WerfenOEMRelease&token2= | D24: =_xlfn.CONCAT("https://jenkins.werfen.com/",Transports!$D69,"?token=",Transports!$C69) -> https://jenkins.werfen.com/job/Werfen%20websites/job/Production%20environment/job/QA%20Transports/job/Werfen%20OEM/?token=WerfenOEMRelease | E24: =Transports!$C$2 -> 11670cc89254539b7527b5113a68e6edb6 | F24: =Transports!$D$3 -> 45962
A25: =Transports!F72 -> 19 | B25: =Transports!$G72 -> Website NoAm legacy | C25: =CONCATENATE("https://jenkins.werfen.com/",Transports!$D72,Transports!$E72,"?token=",Transports!$C72,"&token2=") -> https://jenkins.werfen.com/job/Werfen%20websites/job/Production%20environment/job/QA%20Transports/job/Werfen%20NoAm/buildWithParameters?token=WerfenNoAmRelease&token2= | D25: =_xlfn.CONCAT("https://jenkins.werfen.com/",Transports!$D72,"?token=",Transports!$C72) -> https://jenkins.werfen.com/job/Werfen%20websites/job/Production%20environment/job/QA%20Transports/job/Werfen%20NoAm/?token=WerfenNoAmRelease | E25: =Transports!$C$2 -> 11670cc89254539b7527b5113a68e6edb6 | F25: =Transports!$D$3 -> 45962
A26: =Transports!F75 -> 3 | B26: =Transports!$G75 -> Website Austria legacy | C26: =CONCATENATE("https://jenkins.werfen.com/",Transports!$D75,Transports!$E75,"?token=",Transports!$C75,"&token2=") -> https://jenkins.werfen.com/job/Werfen%20websites/job/Production%20environment/job/QA%20Transports/job/Werfen%20AT/buildWithParameters?token=WerfenATRelease&token2= | D26: =_xlfn.CONCAT("https://jenkins.werfen.com/",Transports!$D75,"?token=",Transports!$C75) -> https://jenkins.werfen.com/job/Werfen%20websites/job/Production%20environment/job/QA%20Transports/job/Werfen%20AT/?token=WerfenATRelease | E26: =Transports!$C$2 -> 11670cc89254539b7527b5113a68e6edb6 | F26: =Transports!$D$3 -> 45962
A27: =Transports!F76 -> 30 | B27: =Transports!$G76 -> TicketLine legacy | C27: =CONCATENATE("https://jenkins.werfen.com/",Transports!$D76,Transports!$E76,"?token=",Transports!$C76,"&token2=") -> https://jenkins.werfen.com/job/TicketLine/job/Production%20Environment/job/QA%20Transports/job/TicketLine/buildWithParameters?token=TicketLineRelease&token2= | D27: =_xlfn.CONCAT("https://jenkins.werfen.com/",Transports!$D76,"?token=",Transports!$C76) -> https://jenkins.werfen.com/job/TicketLine/job/Production%20Environment/job/QA%20Transports/job/TicketLine/?token=TicketLineRelease | E27: =Transports!$C$2 -> 11670cc89254539b7527b5113a68e6edb6 | F27: =Transports!$D$3 -> 45962
A28: =Transports!F81 -> 42 | B28: =Transports!$G81 -> Solr Middleware legacy | C28: =CONCATENATE("https://jenkins.werfen.com/",Transports!$D81,Transports!$E81,"?token=",Transports!$C81,"&token2=") -> https://jenkins.werfen.com/job/TicketLine/job/Production%20Environment/job/QA%20Transports/job/Solr%20Middleware/build?token=SolrMiddlewareRelease&token2= | D28: =_xlfn.CONCAT("https://jenkins.werfen.com/",Transports!$D81,"?token=",Transports!$C81) -> https://jenkins.werfen.com/job/TicketLine/job/Production%20Environment/job/QA%20Transports/job/Solr%20Middleware/?token=SolrMiddlewareRelease | E28: =Transports!$C$2 -> 11670cc89254539b7527b5113a68e6edb6 | F28: =Transports!$D$3 -> 45962
A29: =Transports!F84 -> 29 | B29: =Transports!$G84 -> Werfen DOCS legacy | C29: =CONCATENATE("https://jenkins.werfen.com/",Transports!$D84,Transports!$E84,"?token=",Transports!$C84,"&token2=") -> https://jenkins.werfen.com/job/WerfenDocs/job/Production/job/QA%20Transports/job/Werfen%20Docs%20Full%20Release/build?token=WerfenDocsFullRelease&token2= | D29: =_xlfn.CONCAT("https://jenkins.werfen.com/",Transports!$D84,"?token=",Transports!$C84) -> https://jenkins.werfen.com/job/WerfenDocs/job/Production/job/QA%20Transports/job/Werfen%20Docs%20Full%20Release/?token=WerfenDocsFullRelease | E29: =Transports!$C$2 -> 11670cc89254539b7527b5113a68e6edb6 | F29: =Transports!$D$3 -> 45962
A30: =Transports!F87 -> 31 | B30: =Transports!$G87 -> Old Case Portal legacy | C30: =CONCATENATE("https://jenkins.werfen.com/",Transports!$D87,Transports!$E87,"?token=",Transports!$C87,"&token2=") -> https://jenkins.werfen.com/job/Case%20Portal%20(Legacy)/job/Production%20Environment/job/QA%20Transports/job/Case%20Portal%20Legacy/build?token=CasePortalRelease&token2= | D30: =_xlfn.CONCAT("https://jenkins.werfen.com/",Transports!$D87,"?token=",Transports!$C87) -> https://jenkins.werfen.com/job/Case%20Portal%20(Legacy)/job/Production%20Environment/job/QA%20Transports/job/Case%20Portal%20Legacy/?token=CasePortalRelease | E30: =Transports!$C$2 -> 11670cc89254539b7527b5113a68e6edb6 | F30: =Transports!$D$3 -> 45962
A31: =Transports!F88 -> 43 | B31: =Transports!$G88 -> Middleware ADP legacy | C31: =CONCATENATE("https://jenkins.werfen.com/",Transports!$D88,Transports!$E88,"?token=",Transports!$C88,"&token2=") -> https://jenkins.werfen.com/job/Middleware%20ADP/job/Production%20environment/job/QA%20Transports/job/Deploy%20site/buildWithParameters?token=MiddlewareADPRelease&token2= | D31: =_xlfn.CONCAT("https://jenkins.werfen.com/",Transports!$D88,"?token=",Transports!$C88) -> https://jenkins.werfen.com/job/Middleware%20ADP/job/Production%20environment/job/QA%20Transports/job/Deploy%20site/?token=MiddlewareADPRelease | E31: =Transports!$C$2 -> 11670cc89254539b7527b5113a68e6edb6 | F31: =Transports!$D$3 -> 45962
A32: =Transports!F91 -> 44 | B32: =Transports!$G91 -> MonthlyReport legacy | C32: =CONCATENATE("https://jenkins.werfen.com/",Transports!$D91,Transports!$E91,"?token=",Transports!$C91,"&token2=") -> https://jenkins.werfen.com/job/Monthly%20Report/job/Production%20Environment/job/QA%20Transports/job/Deploy/buildWithParameters?token=MonthlyReportRelease&token2= | D32: =_xlfn.CONCAT("https://jenkins.werfen.com/",Transports!$D91,"?token=",Transports!$C91) -> https://jenkins.werfen.com/job/Monthly%20Report/job/Production%20Environment/job/QA%20Transports/job/Deploy/?token=MonthlyReportRelease | E32: =Transports!$C$2 -> 11670cc89254539b7527b5113a68e6edb6 | F32: =Transports!$D$3 -> 45962
A33: =Transports!F94 -> 45 | B33: =Transports!$G94 | C33: =CONCATENATE("https://jenkins.werfen.com/",Transports!$D94,Transports!$E94,"?token=",Transports!$C94,"&token2=") -> https://jenkins.werfen.com/job/myClaims/job/Production%20Environment/job/QA%20Transports/job/Deploy%20to%20prod/buildWithParameters?token=myClaimsRelease&token2= | D33: =_xlfn.CONCAT("https://jenkins.werfen.com/",Transports!$D94,"?token=",Transports!$C94) -> https://jenkins.werfen.com/job/myClaims/job/Production%20Environment/job/QA%20Transports/job/Deploy%20to%20prod/?token=myClaimsRelease | E33: =Transports!$C$2 -> 11670cc89254539b7527b5113a68e6edb6 | F33: =Transports!$D$3 -> 45962
A34: =Transports!F97 -> 46 | B34: =Transports!$G97 -> myClaimsChina | C34: =CONCATENATE("https://jenkins.werfen.com/",Transports!$D97,Transports!$E97,"?token=",Transports!$C97,"&token2=") -> https://jenkins.werfen.com/job/myClaims/job/Production%20Environment/job/QA%20Transports/job/Deploy%20to%20prod%20CN/buildWithParameters?token=myClaimsCNRelease&token2= | D34: =_xlfn.CONCAT("https://jenkins.werfen.com/",Transports!$D97,"?token=",Transports!$C97) -> https://jenkins.werfen.com/job/myClaims/job/Production%20Environment/job/QA%20Transports/job/Deploy%20to%20prod%20CN/?token=myClaimsCNRelease | E34: =Transports!$C$2 -> 11670cc89254539b7527b5113a68e6edb6 | F34: =Transports!$D$3 -> 45962
A35: =Transports!F101 -> 0 | B35: =Transports!$G101 -> myOrders Release | C35: =CONCATENATE("https://jenkins.werfen.com/",Transports!$D101,Transports!$E101,"?token=",Transports!$C101,"&token2=") -> https://jenkins.werfen.com/job/myOrders/job/Production%20Environment/job/QA%20Transport/job/Deploy%20release/buildWithParameters?token=myOrdersRelease1&token2= | D35: =_xlfn.CONCAT("https://jenkins.werfen.com/",Transports!$D101,"?token=",Transports!$C101) -> https://jenkins.werfen.com/job/myOrders/job/Production%20Environment/job/QA%20Transport/job/Deploy%20release/?token=myOrdersRelease1 | E35: =Transports!$C$2 -> 11670cc89254539b7527b5113a68e6edb6 | F35: =Transports!$D$3 -> 45962
A36: =Transports!F105 -> 41 | B36: =Transports!$G105 -> WerfenTower legacy | C36: =CONCATENATE("https://jenkins.werfen.com/",Transports!$D105,Transports!$E105,"?token=",Transports!$C105,"&token2=") -> https://jenkins.werfen.com/job/Tower/job/Production%20Environment/job/QA%20Transports/job/Tower/build?token=WerfenTowerRelease&token2= | D36: =_xlfn.CONCAT("https://jenkins.werfen.com/",Transports!$D105,"?token=",Transports!$C105) -> https://jenkins.werfen.com/job/Tower/job/Production%20Environment/job/QA%20Transports/job/Tower/?token=WerfenTowerRelease | E36: =Transports!$C$2 -> 11670cc89254539b7527b5113a68e6edb6 | F36: =Transports!$D$3 -> 45962
A37: =Transports!F105 -> 41 | B37: =Transports!$G105 -> WerfenTower legacy | C37: =CONCATENATE("https://jenkins.werfen.com/",Transports!$D105,Transports!$E105,"?token=",Transports!$C105,"&token2=") -> https://jenkins.werfen.com/job/Tower/job/Production%20Environment/job/QA%20Transports/job/Tower/build?token=WerfenTowerRelease&token2= | D37: =_xlfn.CONCAT("https://jenkins.werfen.com/",Transports!$D105,"?token=",Transports!$C105) -> https://jenkins.werfen.com/job/Tower/job/Production%20Environment/job/QA%20Transports/job/Tower/?token=WerfenTowerRelease | E37: =Transports!$C$2 -> 11670cc89254539b7527b5113a68e6edb6 | F37: =Transports!$D$3 -> 45962
A38: =Transports!F108 -> 34 | B38: =Transports!$G108 -> WeLearn legacy | C38: =CONCATENATE("https://jenkins.werfen.com/",Transports!$D108,Transports!$E108,"?token=",Transports!$C108,"&token2=") -> https://jenkins.werfen.com/job/LMS/job/Production%20environment/job/QA%20Transports/job/WeLearn/buildWithParameters?token=WeLearnRelease&token2= | D38: =_xlfn.CONCAT("https://jenkins.werfen.com/",Transports!$D108,"?token=",Transports!$C108) -> https://jenkins.werfen.com/job/LMS/job/Production%20environment/job/QA%20Transports/job/WeLearn/?token=WeLearnRelease | E38: =Transports!$C$2 -> 11670cc89254539b7527b5113a68e6edb6 | F38: =Transports!$D$3 -> 45962
A39: =Transports!F111 -> 35 | B39: =Transports!$G111 -> Werfen Academy legacy | C39: =CONCATENATE("https://jenkins.werfen.com/",Transports!$D111,Transports!$E111,"?token=",Transports!$C111,"&token2=") -> https://jenkins.werfen.com/job/LMS/job/Production%20environment/job/QA%20Transports/job/Release%20job%20academy/buildWithParameters?token=WerfenAcademyRelease&token2= | D39: =_xlfn.CONCAT("https://jenkins.werfen.com/",Transports!$D111,"?token=",Transports!$C111) -> https://jenkins.werfen.com/job/LMS/job/Production%20environment/job/QA%20Transports/job/Release%20job%20academy/?token=WerfenAcademyRelease | E39: =Transports!$C$2 -> 11670cc89254539b7527b5113a68e6edb6 | F39: =Transports!$D$3 -> 45962
A40: =Transports!F114 -> 48 | B40: =Transports!$G114 -> Werfen Academy China legacy | C40: =CONCATENATE("https://jenkins.werfen.com/",Transports!$D114,Transports!$E114,"?token=",Transports!$C114,"&token2=") -> https://jenkins.werfen.com/job/LMS/job/Production%20environment/job/QA%20Transports/job/Release%20job%20academy%20China/buildWithParameters?token=WerfenAcademyChinaRelease&token2= | D40: =_xlfn.CONCAT("https://jenkins.werfen.com/",Transports!$D114,"?token=",Transports!$C114) -> https://jenkins.werfen.com/job/LMS/job/Production%20environment/job/QA%20Transports/job/Release%20job%20academy%20China/?token=WerfenAcademyChinaRelease | E40: =Transports!$C$2 -> 11670cc89254539b7527b5113a68e6edb6 | F40: =Transports!$D$3 -> 45962
A41: =Transports!F117 -> 49 | B41: =Transports!$G117 -> Werfen Academy DosiFuser legacy | C41: =CONCATENATE("https://jenkins.werfen.com/",Transports!$D117,Transports!$E117,"?token=",Transports!$C117,"&token2=") -> https://jenkins.werfen.com/job/LMS/job/Production%20environment/job/QA%20Transports/job/Release%20job%20Dosi-fuser/buildWithParameters?token=WerfenAcademyDosiFuserRelease&token2= | D41: =_xlfn.CONCAT("https://jenkins.werfen.com/",Transports!$D117,"?token=",Transports!$C117) -> https://jenkins.werfen.com/job/LMS/job/Production%20environment/job/QA%20Transports/job/Release%20job%20Dosi-fuser/?token=WerfenAcademyDosiFuserRelease | E41: =Transports!$C$2 -> 11670cc89254539b7527b5113a68e6edb6 | F41: =Transports!$D$3 -> 45962
A42: =Transports!F120 -> 36 | B42: =Transports!$G120 -> Distributors Portal legacy | C42: =CONCATENATE("https://jenkins.werfen.com/",Transports!$D120,Transports!$E120,"?token=",Transports!$C120,"&token2=") -> https://jenkins.werfen.com/job/Distributors%20Portal%20(E-business)/job/Production%20Environment/job/QA%20Transport/job/Distributors%20Portal%20Deploy/build?token=DISTRIBUTORS_PORTAL_PRODUCTION_QA_TRANSPORT&token2= | D42: =_xlfn.CONCAT("https://jenkins.werfen.com/",Transports!$D120,"?token=",Transports!$C120) -> https://jenkins.werfen.com/job/Distributors%20Portal%20(E-business)/job/Production%20Environment/job/QA%20Transport/job/Distributors%20Portal%20Deploy/?token=DISTRIBUTORS_PORTAL_PRODUCTION_QA_TRANSPORT | E42: =Transports!$C$2 -> 11670cc89254539b7527b5113a68e6edb6 | F42: =Transports!$D$3 -> 45962
A43: =Transports!F123 -> 37 | B43: =Transports!$G123 -> IVD Market Watch legacy | C43: =CONCATENATE("https://jenkins.werfen.com/",Transports!$D123,Transports!$E123,"?token=",Transports!$C123,"&token2=") -> https://jenkins.werfen.com/job/IVD%20Market%20Watch/job/Production%20Environment/job/QA%20Transports/job/IVD%20Market%20Watch/buildWithParameters?token=IVDMarketWatchRelease&token2= | D43: =_xlfn.CONCAT("https://jenkins.werfen.com/",Transports!$D123,"?token=",Transports!$C123) -> https://jenkins.werfen.com/job/IVD%20Market%20Watch/job/Production%20Environment/job/QA%20Transports/job/IVD%20Market%20Watch/?token=IVDMarketWatchRelease | E43: =Transports!$C$2 -> 11670cc89254539b7527b5113a68e6edb6 | F43: =Transports!$D$3 -> 45962
A44: =Transports!F126 -> 38 | B44: =Transports!$G126 -> Customer Portal legacy | C44: =CONCATENATE("https://jenkins.werfen.com/",Transports!$D126,Transports!$E126,"?token=",Transports!$C126,"&token2=") -> https://jenkins.werfen.com/job/CustomersPortal/job/Production%20Environment/job/Customers%20Portal%20QA%20Transport/build?token=CUSTOMER_PORTAL_PRODUCTION_QA_TRANSPORT&token2= | D44: =_xlfn.CONCAT("https://jenkins.werfen.com/",Transports!$D126,"?token=",Transports!$C126) -> https://jenkins.werfen.com/job/CustomersPortal/job/Production%20Environment/job/Customers%20Portal%20QA%20Transport/?token=CUSTOMER_PORTAL_PRODUCTION_QA_TRANSPORT | E44: =Transports!$C$2 -> 11670cc89254539b7527b5113a68e6edb6 | F44: =Transports!$D$3 -> 45962
A45: =Transports!F129 -> 50 | B45: =Transports!$G129 -> WerfenTouch Web legacy | C45: =CONCATENATE("https://jenkins.werfen.com/",Transports!$D129,Transports!$E129,"?token=",Transports!$C129,"&token2=") -> https://jenkins.werfen.com/job/WerfenTouch/job/Backend/job/Production%20Enviroment/job/QA%20Transports/job/Deploy%20to%20prod/buildWithParameters?token=WerfenTouchWebRelease&token2= | D45: =_xlfn.CONCAT("https://jenkins.werfen.com/",Transports!$D129,"?token=",Transports!$C129) -> https://jenkins.werfen.com/job/WerfenTouch/job/Backend/job/Production%20Enviroment/job/QA%20Transports/job/Deploy%20to%20prod/?token=WerfenTouchWebRelease | E45: =Transports!$C$2 -> 11670cc89254539b7527b5113a68e6edb6 | F45: =Transports!$D$3 -> 45962
A46: =Transports!F132 -> 51 | B46: =Transports!$G132 -> WerfenTouch China Web | C46: =CONCATENATE("https://jenkins.werfen.com/",Transports!$D132,Transports!$E132,"?token=",Transports!$C132,"&token2=") -> https://jenkins.werfen.com/job/WerfenTouch/job/Production%20environment/job/Websites/job/QA%20Transports/job/WerfenTouch%20China/buildWithParameters?token=WerfenTouchChinaWebRelease&token2= | D46: =_xlfn.CONCAT("https://jenkins.werfen.com/",Transports!$D132,"?token=",Transports!$C132) -> https://jenkins.werfen.com/job/WerfenTouch/job/Production%20environment/job/Websites/job/QA%20Transports/job/WerfenTouch%20China/?token=WerfenTouchChinaWebRelease | E46: =Transports!$C$2 -> 11670cc89254539b7527b5113a68e6edb6 | F46: =Transports!$D$3 -> 45962
A47: =Transports!F133 -> 40 | B47: =Transports!$G133 -> Accriva Tickets legacy | C47: =CONCATENATE("https://jenkins.werfen.com/",Transports!$D133,Transports!$E133,"?token=",Transports!$C133,"&token2=") -> https://jenkins.werfen.com/job/AccrivaTickets/job/Production%20Environment/job/Accriva%20Tickets%20QA%20Transport/build?token=ACCRIVA_TICKETS_PRODUCTION_QA_TRANSPORT&token2= | D47: =_xlfn.CONCAT("https://jenkins.werfen.com/",Transports!$D133,"?token=",Transports!$C133) -> https://jenkins.werfen.com/job/AccrivaTickets/job/Production%20Environment/job/Accriva%20Tickets%20QA%20Transport/?token=ACCRIVA_TICKETS_PRODUCTION_QA_TRANSPORT | E47: =Transports!$C$2 -> 11670cc89254539b7527b5113a68e6edb6 | F47: =Transports!$D$3 -> 45962

Sheet for SNOW
A1: Description | B1: Transport Job URL | C1: Transport Result URL | D1: API Token | E1: Valid to
A2: =Transports!$G5 -> All werfen sites legacy | B2: =CONCATENATE("https://jenkins.werfen.com/",Transports!$D5,Transports!$E5,"?token=",Transports!$C5,"&token2=") -> https://jenkins.werfen.com/job/Werfen%20websites/job/Production%20environment/job/QA%20Transports/job/All%20werfen.com%20sites/build?token=WerfenALLRelease&token2= | C2: =_xlfn.CONCAT("https://jenkins.werfen.com/",Transports!$D5,"?token=",Transports!$C5) -> https://jenkins.werfen.com/job/Werfen%20websites/job/Production%20environment/job/QA%20Transports/job/All%20werfen.com%20sites/?token=WerfenALLRelease | D2: =Transports!$C$2 -> 11670cc89254539b7527b5113a68e6edb6 | E2: =Transports!$D$3 -> 45962
A3: =Transports!$G8 -> Website Czechia legacy | B3: =CONCATENATE("https://jenkins.werfen.com/",Transports!$D8,Transports!$E8,"?token=",Transports!$C8,"&token2=") -> https://jenkins.werfen.com/job/Werfen%20websites/job/Production%20environment/job/QA%20Transports/job/Werfen%20CZ/buildWithParameters?token=WerfenCZRelease&token2= | C3: =_xlfn.CONCAT("https://jenkins.werfen.com/",Transports!$D8,"?token=",Transports!$C8) -> https://jenkins.werfen.com/job/Werfen%20websites/job/Production%20environment/job/QA%20Transports/job/Werfen%20CZ/?token=WerfenCZRelease | D3: =Transports!$C$2 -> 11670cc89254539b7527b5113a68e6edb6 | E3: =Transports!$D$3 -> 45962
A4: =Transports!$G11 -> Website Russia legacy | B4: =CONCATENATE("https://jenkins.werfen.com/",Transports!$D11,Transports!$E11,"?token=",Transports!$C11,"&token2=") -> https://jenkins.werfen.com/job/Werfen%20websites/job/Production%20environment/job/QA%20Transports/job/Werfen%20RU/buildWithParameters?token=WerfenRURelease&token2= | C4: =_xlfn.CONCAT("https://jenkins.werfen.com/",Transports!$D11,"?token=",Transports!$C11) -> https://jenkins.werfen.com/job/Werfen%20websites/job/Production%20environment/job/QA%20Transports/job/Werfen%20RU/?token=WerfenRURelease | D4: =Transports!$C$2 -> 11670cc89254539b7527b5113a68e6edb6 | E4: =Transports!$D$3 -> 45962
A5: =Transports!$G14 -> Website AUSTRALIA legacy | B5: =CONCATENATE("https://jenkins.werfen.com/",Transports!$D14,Transports!$E14,"?token=",Transports!$C14,"&token2=") -> https://jenkins.werfen.com/job/Werfen%20websites/job/Production%20environment/job/QA%20Transports/job/Werfen%20AU/buildWithParameters?token=WerfenAURelease&token2= | C5: =_xlfn.CONCAT("https://jenkins.werfen.com/",Transports!$D14,"?token=",Transports!$C14) -> https://jenkins.werfen.com/job/Werfen%20websites/job/Production%20environment/job/QA%20Transports/job/Werfen%20AU/?token=WerfenAURelease | D5: =Transports!$C$2 -> 11670cc89254539b7527b5113a68e6edb6 | E5: =Transports!$D$3 -> 45962
A6: =Transports!$G17 -> WeListen legacy | B6: =CONCATENATE("https://jenkins.werfen.com/",Transports!$D17,Transports!$E17,"?token=",Transports!$C17,"&token2=") -> https://jenkins.werfen.com/job/WeListen/job/Production%20environment/job/QA%20Transports/job/Deploy%20site/buildWithParameters?token=welistenRelease&token2= | C6: =_xlfn.CONCAT("https://jenkins.werfen.com/",Transports!$D17,"?token=",Transports!$C17) -> https://jenkins.werfen.com/job/WeListen/job/Production%20environment/job/QA%20Transports/job/Deploy%20site/?token=welistenRelease | D6: =Transports!$C$2 -> 11670cc89254539b7527b5113a68e6edb6 | E6: =Transports!$D$3 -> 45962
A7: =Transports!$G20 -> Website FRANCE legacy | B7: =CONCATENATE("https://jenkins.werfen.com/",Transports!$D20,Transports!$E20,"?token=",Transports!$C20,"&token2=") -> https://jenkins.werfen.com/job/Werfen%20websites/job/Production%20environment/job/QA%20Transports/job/Werfen%20FR/buildWithParameters?token=WerfenFRRelease&token2= | C7: =_xlfn.CONCAT("https://jenkins.werfen.com/",Transports!$D20,"?token=",Transports!$C20) -> https://jenkins.werfen.com/job/Werfen%20websites/job/Production%20environment/job/QA%20Transports/job/Werfen%20FR/?token=WerfenFRRelease | D7: =Transports!$C$2 -> 11670cc89254539b7527b5113a68e6edb6 | E7: =Transports!$D$3 -> 45962
A8: =Transports!$G24 -> Website Italy release | B8: =CONCATENATE("https://jenkins.werfen.com/",Transports!$D24,Transports!$E24,"?token=",Transports!$C24,"&token2=") -> https://jenkins.werfen.com/job/Werfen%20websites/job/Production%20environment/job/QA%20Transports/job/Werfen%20IT%20release/buildWithParameters?token=WerfenITRelease1&token2= | C8: =_xlfn.CONCAT("https://jenkins.werfen.com/",Transports!$D24,"?token=",Transports!$C24) -> https://jenkins.werfen.com/job/Werfen%20websites/job/Production%20environment/job/QA%20Transports/job/Werfen%20IT%20release/?token=WerfenITRelease1 | D8: =Transports!$C$2 -> 11670cc89254539b7527b5113a68e6edb6 | E8: =Transports!$D$3 -> 45962
A9: =Transports!$G26 -> Website UK legacy | B9: =CONCATENATE("https://jenkins.werfen.com/",Transports!$D26,Transports!$E26,"?token=",Transports!$C26,"&token2=") -> https://jenkins.werfen.com/job/Werfen%20websites/job/Production%20environment/job/QA%20Transports/job/Werfen%20UK/buildWithParameters?token=WerfenUKRelease&token2= | C9: =_xlfn.CONCAT("https://jenkins.werfen.com/",Transports!$D26,"?token=",Transports!$C26) -> https://jenkins.werfen.com/job/Werfen%20websites/job/Production%20environment/job/QA%20Transports/job/Werfen%20UK/?token=WerfenUKRelease | D9: =Transports!$C$2 -> 11670cc89254539b7527b5113a68e6edb6 | E9: =Transports!$D$3 -> 45962
A10: =Transports!$G29 -> Website Corporate legacy | B10: =CONCATENATE("https://jenkins.werfen.com/",Transports!$D29,Transports!$E29,"?token=",Transports!$C29,"&token2=") -> https://jenkins.werfen.com/job/Werfen%20websites/job/Production%20environment/job/QA%20Transports/job/Werfen%20WW/buildWithParameters?token=WerfenWWRelease&token2= | C10: =_xlfn.CONCAT("https://jenkins.werfen.com/",Transports!$D29,"?token=",Transports!$C29) -> https://jenkins.werfen.com/job/Werfen%20websites/job/Production%20environment/job/QA%20Transports/job/Werfen%20WW/?token=WerfenWWRelease | D10: =Transports!$C$2 -> 11670cc89254539b7527b5113a68e6edb6 | E10: =Transports!$D$3 -> 45962
A11: =Transports!$G32 -> Website Mexico legacy | B11: =CONCATENATE("https://jenkins.werfen.com/",Transports!$D32,Transports!$E32,"?token=",Transports!$C32,"&token2=") -> https://jenkins.werfen.com/job/Werfen%20websites/job/Production%20environment/job/QA%20Transports/job/Werfen%20MX/buildWithParameters?token=WerfenMXRelease&token2= | C11: =_xlfn.CONCAT("https://jenkins.werfen.com/",Transports!$D32,"?token=",Transports!$C32) -> https://jenkins.werfen.com/job/Werfen%20websites/job/Production%20environment/job/QA%20Transports/job/Werfen%20MX/?token=WerfenMXRelease | D11: =Transports!$C$2 -> 11670cc89254539b7527b5113a68e6edb6 | E11: =Transports!$D$3 -> 45962
A12: =Transports!$G35 -> Website Spain legacy | B12: =CONCATENATE("https://jenkins.werfen.com/",Transports!$D35,Transports!$E35,"?token=",Transports!$C35,"&token2=") -> https://jenkins.werfen.com/job/Werfen%20websites/job/Production%20environment/job/QA%20Transports/job/Werfen%20ES/buildWithParameters?token=WerfenESRelease&token2= | C12: =_xlfn.CONCAT("https://jenkins.werfen.com/",Transports!$D35,"?token=",Transports!$C35) -> https://jenkins.werfen.com/job/Werfen%20websites/job/Production%20environment/job/QA%20Transports/job/Werfen%20ES/?token=WerfenESRelease | D12: =Transports!$C$2 -> 11670cc89254539b7527b5113a68e6edb6 | E12: =Transports!$D$3 -> 45962
A13: =Transports!$G38 -> Website Benelux legacy | B13: =CONCATENATE("https://jenkins.werfen.com/",Transports!$D38,Transports!$E38,"?token=",Transports!$C38,"&token2=") -> https://jenkins.werfen.com/job/Werfen%20websites/job/Production%20environment/job/QA%20Transports/job/Werfen%20Benelux/buildWithParameters?token=WerfenBeneluxRelease&token2= | C13: =_xlfn.CONCAT("https://jenkins.werfen.com/",Transports!$D38,"?token=",Transports!$C38) -> https://jenkins.werfen.com/job/Werfen%20websites/job/Production%20environment/job/QA%20Transports/job/Werfen%20Benelux/?token=WerfenBeneluxRelease | D13: =Transports!$C$2 -> 11670cc89254539b7527b5113a68e6edb6 | E13: =Transports!$D$3 -> 45962
A14: =Transports!$G41 -> SSM web legacy | B14: =CONCATENATE("https://jenkins.werfen.com/",Transports!$D41,Transports!$E41,"?token=",Transports!$C41,"&token2=") -> https://jenkins.werfen.com/job/WeNet/job/Production%20environment/job/QA%20Transports/job/SSM%20website/buildWithParameters?token=wenetSSMweb&token2= | C14: =_xlfn.CONCAT("https://jenkins.werfen.com/",Transports!$D41,"?token=",Transports!$C41) -> https://jenkins.werfen.com/job/WeNet/job/Production%20environment/job/QA%20Transports/job/SSM%20website/?token=wenetSSMweb | D14: =Transports!$C$2 -> 11670cc89254539b7527b5113a68e6edb6 | E14: =Transports!$D$3 -> 45962
A15: =Transports!$G42 -> WeNet legacy | B15: =CONCATENATE("https://jenkins.werfen.com/",Transports!$D42,Transports!$E42,"?token=",Transports!$C42,"&token2=") -> https://jenkins.werfen.com/job/WeNet/job/Production%20environment/job/QA%20Transports/job/Deploy%20site/buildWithParameters?token=wenetRelease&token2= | C15: =_xlfn.CONCAT("https://jenkins.werfen.com/",Transports!$D42,"?token=",Transports!$C42) -> https://jenkins.werfen.com/job/WeNet/job/Production%20environment/job/QA%20Transports/job/Deploy%20site/?token=wenetRelease | D15: =Transports!$C$2 -> 11670cc89254539b7527b5113a68e6edb6 | E15: =Transports!$D$3 -> 45962
A16: =Transports!$G45 -> Website BI (QlikSense) legacy | B16: =CONCATENATE("https://jenkins.werfen.com/",Transports!$D45,Transports!$E45,"?token=",Transports!$C45,"&token2=") -> https://jenkins.werfen.com/job/Werfen%20websites/job/Production%20environment/job/QA%20Transports/job/QLikSense%20Release/buildWithParameters?token=QlikSenseRelease&token2= | C16: =_xlfn.CONCAT("https://jenkins.werfen.com/",Transports!$D45,"?token=",Transports!$C45) -> https://jenkins.werfen.com/job/Werfen%20websites/job/Production%20environment/job/QA%20Transports/job/QLikSense%20Release/?token=QlikSenseRelease | D16: =Transports!$C$2 -> 11670cc89254539b7527b5113a68e6edb6 | E16: =Transports!$D$3 -> 45962
A17: =Transports!$G48 -> Website Germany legacy | B17: =CONCATENATE("https://jenkins.werfen.com/",Transports!$D48,Transports!$E48,"?token=",Transports!$C48,"&token2=") -> https://jenkins.werfen.com/job/Werfen%20websites/job/Production%20environment/job/QA%20Transports/job/Werfen%20DE/buildWithParameters?token=WerfenDERelease&token2= | C17: =_xlfn.CONCAT("https://jenkins.werfen.com/",Transports!$D48,"?token=",Transports!$C48) -> https://jenkins.werfen.com/job/Werfen%20websites/job/Production%20environment/job/QA%20Transports/job/Werfen%20DE/?token=WerfenDERelease | D17: =Transports!$C$2 -> 11670cc89254539b7527b5113a68e6edb6 | E17: =Transports!$D$3 -> 45962
A18: =Transports!$G51 -> Website Brazil legacy | B18: =CONCATENATE("https://jenkins.werfen.com/",Transports!$D51,Transports!$E51,"?token=",Transports!$C51,"&token2=") -> https://jenkins.werfen.com/job/Werfen%20websites/job/Production%20environment/job/QA%20Transports/job/Werfen%20BR/buildWithParameters?token=WerfenBRRelease&token2= | C18: =_xlfn.CONCAT("https://jenkins.werfen.com/",Transports!$D51,"?token=",Transports!$C51) -> https://jenkins.werfen.com/job/Werfen%20websites/job/Production%20environment/job/QA%20Transports/job/Werfen%20BR/?token=WerfenBRRelease | D18: =Transports!$C$2 -> 11670cc89254539b7527b5113a68e6edb6 | E18: =Transports!$D$3 -> 45962
A19: =Transports!$G54 -> Website Leventon legacy | B19: =CONCATENATE("https://jenkins.werfen.com/",Transports!$D54,Transports!$E54,"?token=",Transports!$C54,"&token2=") -> https://jenkins.werfen.com/job/Werfen%20websites/job/Production%20environment/job/QA%20Transports/job/Leventon/buildWithParameters?token=LeventonRelease&token2= | C19: =_xlfn.CONCAT("https://jenkins.werfen.com/",Transports!$D54,"?token=",Transports!$C54) -> https://jenkins.werfen.com/job/Werfen%20websites/job/Production%20environment/job/QA%20Transports/job/Leventon/?token=LeventonRelease | D19: =Transports!$C$2 -> 11670cc89254539b7527b5113a68e6edb6 | E19: =Transports!$D$3 -> 45962
A20: =Transports!$G59 -> Website Portugal hotfix | B20: =CONCATENATE("https://jenkins.werfen.com/",Transports!$D59,Transports!$E59,"?token=",Transports!$C59,"&token2=") -> https://jenkins.werfen.com/job/Werfen%20websites/job/Production%20environment/job/QA%20Transports/job/Werfen%20PT%20hotfix/buildWithParameters?token=WerfenPTHotifx&token2= | C20: =_xlfn.CONCAT("https://jenkins.werfen.com/",Transports!$D59,"?token=",Transports!$C59) -> https://jenkins.werfen.com/job/Werfen%20websites/job/Production%20environment/job/QA%20Transports/job/Werfen%20PT%20hotfix/?token=WerfenPTHotifx | D20: =Transports!$C$2 -> 11670cc89254539b7527b5113a68e6edb6 | E20: =Transports!$D$3 -> 45962
A21: =Transports!$G60 -> Website Korea legacy | B21: =CONCATENATE("https://jenkins.werfen.com/",Transports!$D60,Transports!$E60,"?token=",Transports!$C60,"&token2=") -> https://jenkins.werfen.com/job/Werfen%20websites/job/Production%20environment/job/QA%20Transports/job/Werfen%20KR/buildWithParameters?token=WerfenKRRelease&token2= | C21: =_xlfn.CONCAT("https://jenkins.werfen.com/",Transports!$D60,"?token=",Transports!$C60) -> https://jenkins.werfen.com/job/Werfen%20websites/job/Production%20environment/job/QA%20Transports/job/Werfen%20KR/?token=WerfenKRRelease | D21: =Transports!$C$2 -> 11670cc89254539b7527b5113a68e6edb6 | E21: =Transports!$D$3 -> 45962
A22: =Transports!$G63 -> Website Japan legacy | B22: =CONCATENATE("https://jenkins.werfen.com/",Transports!$D63,Transports!$E63,"?token=",Transports!$C63,"&token2=") -> https://jenkins.werfen.com/job/Werfen%20websites/job/Production%20environment/job/QA%20Transports/job/Werfen%20JP/buildWithParameters?token=WerfenJPRelease&token2= | C22: =_xlfn.CONCAT("https://jenkins.werfen.com/",Transports!$D63,"?token=",Transports!$C63) -> https://jenkins.werfen.com/job/Werfen%20websites/job/Production%20environment/job/QA%20Transports/job/Werfen%20JP/?token=WerfenJPRelease | D22: =Transports!$C$2 -> 11670cc89254539b7527b5113a68e6edb6 | E22: =Transports!$D$3 -> 45962
A23: =Transports!$G66 -> Website China AWS legacy | B23: =CONCATENATE("https://jenkins.werfen.com/",Transports!$D66,Transports!$E66,"?token=",Transports!$C66,"&token2=") -> https://jenkins.werfen.com/job/Werfen%20websites/job/Production%20environment/job/QA%20Transports/job/Werfen%20CN%20-%20AWS/build?token=WerfenCNRelease&token2= | C23: =_xlfn.CONCAT("https://jenkins.werfen.com/",Transports!$D66,"?token=",Transports!$C66) -> https://jenkins.werfen.com/job/Werfen%20websites/job/Production%20environment/job/QA%20Transports/job/Werfen%20CN%20-%20AWS/?token=WerfenCNRelease | D23: =Transports!$C$2 -> 11670cc89254539b7527b5113a68e6edb6 | E23: =Transports!$D$3 -> 45962
A24: =Transports!$G69 -> Website OEM legacy | B24: =CONCATENATE("https://jenkins.werfen.com/",Transports!$D69,Transports!$E69,"?token=",Transports!$C69,"&token2=") -> https://jenkins.werfen.com/job/Werfen%20websites/job/Production%20environment/job/QA%20Transports/job/Werfen%20OEM/buildWithParameters?token=WerfenOEMRelease&token2= | C24: =_xlfn.CONCAT("https://jenkins.werfen.com/",Transports!$D69,"?token=",Transports!$C69) -> https://jenkins.werfen.com/job/Werfen%20websites/job/Production%20environment/job/QA%20Transports/job/Werfen%20OEM/?token=WerfenOEMRelease | D24: =Transports!$C$2 -> 11670cc89254539b7527b5113a68e6edb6 | E24: =Transports!$D$3 -> 45962
A25: =Transports!$G72 -> Website NoAm legacy | B25: =CONCATENATE("https://jenkins.werfen.com/",Transports!$D72,Transports!$E72,"?token=",Transports!$C72,"&token2=") -> https://jenkins.werfen.com/job/Werfen%20websites/job/Production%20environment/job/QA%20Transports/job/Werfen%20NoAm/buildWithParameters?token=WerfenNoAmRelease&token2= | C25: =_xlfn.CONCAT("https://jenkins.werfen.com/",Transports!$D72,"?token=",Transports!$C72) -> https://jenkins.werfen.com/job/Werfen%20websites/job/Production%20environment/job/QA%20Transports/job/Werfen%20NoAm/?token=WerfenNoAmRelease | D25: =Transports!$C$2 -> 11670cc89254539b7527b5113a68e6edb6 | E25: =Transports!$D$3 -> 45962
A26: =Transports!$G75 -> Website Austria legacy | B26: =CONCATENATE("https://jenkins.werfen.com/",Transports!$D75,Transports!$E75,"?token=",Transports!$C75,"&token2=") -> https://jenkins.werfen.com/job/Werfen%20websites/job/Production%20environment/job/QA%20Transports/job/Werfen%20AT/buildWithParameters?token=WerfenATRelease&token2= | C26: =_xlfn.CONCAT("https://jenkins.werfen.com/",Transports!$D75,"?token=",Transports!$C75) -> https://jenkins.werfen.com/job/Werfen%20websites/job/Production%20environment/job/QA%20Transports/job/Werfen%20AT/?token=WerfenATRelease | D26: =Transports!$C$2 -> 11670cc89254539b7527b5113a68e6edb6 | E26: =Transports!$D$3 -> 45962
A27: =Transports!$G76 -> TicketLine legacy | B27: =CONCATENATE("https://jenkins.werfen.com/",Transports!$D76,Transports!$E76,"?token=",Transports!$C76,"&token2=") -> https://jenkins.werfen.com/job/TicketLine/job/Production%20Environment/job/QA%20Transports/job/TicketLine/buildWithParameters?token=TicketLineRelease&token2= | C27: =_xlfn.CONCAT("https://jenkins.werfen.com/",Transports!$D76,"?token=",Transports!$C76) -> https://jenkins.werfen.com/job/TicketLine/job/Production%20Environment/job/QA%20Transports/job/TicketLine/?token=TicketLineRelease | D27: =Transports!$C$2 -> 11670cc89254539b7527b5113a68e6edb6 | E27: =Transports!$D$3 -> 45962
A28: =Transports!$G81 -> Solr Middleware legacy | B28: =CONCATENATE("https://jenkins.werfen.com/",Transports!$D81,Transports!$E81,"?token=",Transports!$C81,"&token2=") -> https://jenkins.werfen.com/job/TicketLine/job/Production%20Environment/job/QA%20Transports/job/Solr%20Middleware/build?token=SolrMiddlewareRelease&token2= | C28: =_xlfn.CONCAT("https://jenkins.werfen.com/",Transports!$D81,"?token=",Transports!$C81) -> https://jenkins.werfen.com/job/TicketLine/job/Production%20Environment/job/QA%20Transports/job/Solr%20Middleware/?token=SolrMiddlewareRelease | D28: =Transports!$C$2 -> 11670cc89254539b7527b5113a68e6edb6 | E28: =Transports!$D$3 -> 45962
A29: =Transports!$G84 -> Werfen DOCS legacy | B29: =CONCATENATE("https://jenkins.werfen.com/",Transports!$D84,Transports!$E84,"?token=",Transports!$C84,"&token2=") -> https://jenkins.werfen.com/job/WerfenDocs/job/Production/job/QA%20Transports/job/Werfen%20Docs%20Full%20Release/build?token=WerfenDocsFullRelease&token2= | C29: =_xlfn.CONCAT("https://jenkins.werfen.com/",Transports!$D84,"?token=",Transports!$C84) -> https://jenkins.werfen.com/job/WerfenDocs/job/Production/job/QA%20Transports/job/Werfen%20Docs%20Full%20Release/?token=WerfenDocsFullRelease | D29: =Transports!$C$2 -> 11670cc89254539b7527b5113a68e6edb6 | E29: =Transports!$D$3 -> 45962
A30: =Transports!$G87 -> Old Case Portal legacy | B30: =CONCATENATE("https://jenkins.werfen.com/",Transports!$D87,Transports!$E87,"?token=",Transports!$C87,"&token2=") -> https://jenkins.werfen.com/job/Case%20Portal%20(Legacy)/job/Production%20Environment/job/QA%20Transports/job/Case%20Portal%20Legacy/build?token=CasePortalRelease&token2= | C30: =_xlfn.CONCAT("https://jenkins.werfen.com/",Transports!$D87,"?token=",Transports!$C87) -> https://jenkins.werfen.com/job/Case%20Portal%20(Legacy)/job/Production%20Environment/job/QA%20Transports/job/Case%20Portal%20Legacy/?token=CasePortalRelease | D30: =Transports!$C$2 -> 11670cc89254539b7527b5113a68e6edb6 | E30: =Transports!$D$3 -> 45962
A31: =Transports!$G88 -> Middleware ADP legacy | B31: =CONCATENATE("https://jenkins.werfen.com/",Transports!$D88,Transports!$E88,"?token=",Transports!$C88,"&token2=") -> https://jenkins.werfen.com/job/Middleware%20ADP/job/Production%20environment/job/QA%20Transports/job/Deploy%20site/buildWithParameters?token=MiddlewareADPRelease&token2= | C31: =_xlfn.CONCAT("https://jenkins.werfen.com/",Transports!$D88,"?token=",Transports!$C88) -> https://jenkins.werfen.com/job/Middleware%20ADP/job/Production%20environment/job/QA%20Transports/job/Deploy%20site/?token=MiddlewareADPRelease | D31: =Transports!$C$2 -> 11670cc89254539b7527b5113a68e6edb6 | E31: =Transports!$D$3 -> 45962
A32: =Transports!$G91 -> MonthlyReport legacy | B32: =CONCATENATE("https://jenkins.werfen.com/",Transports!$D91,Transports!$E91,"?token=",Transports!$C91,"&token2=") -> https://jenkins.werfen.com/job/Monthly%20Report/job/Production%20Environment/job/QA%20Transports/job/Deploy/buildWithParameters?token=MonthlyReportRelease&token2= | C32: =_xlfn.CONCAT("https://jenkins.werfen.com/",Transports!$D91,"?token=",Transports!$C91) -> https://jenkins.werfen.com/job/Monthly%20Report/job/Production%20Environment/job/QA%20Transports/job/Deploy/?token=MonthlyReportRelease | D32: =Transports!$C$2 -> 11670cc89254539b7527b5113a68e6edb6 | E32: =Transports!$D$3 -> 45962
A33: =Transports!$G94 -> myClaims legacy | B33: =CONCATENATE("https://jenkins.werfen.com/",Transports!$D94,Transports!$E94,"?token=",Transports!$C94,"&token2=") -> https://jenkins.werfen.com/job/myClaims/job/Production%20Environment/job/QA%20Transports/job/Deploy%20to%20prod/buildWithParameters?token=myClaimsRelease&token2= | C33: =_xlfn.CONCAT("https://jenkins.werfen.com/",Transports!$D94,"?token=",Transports!$C94) -> https://jenkins.werfen.com/job/myClaims/job/Production%20Environment/job/QA%20Transports/job/Deploy%20to%20prod/?token=myClaimsRelease | D33: =Transports!$C$2 -> 11670cc89254539b7527b5113a68e6edb6 | E33: =Transports!$D$3 -> 45962
A34: =Transports!$G97 -> myClaimsChina | B34: =CONCATENATE("https://jenkins.werfen.com/",Transports!$D97,Transports!$E97,"?token=",Transports!$C97,"&token2=") -> https://jenkins.werfen.com/job/myClaims/job/Production%20Environment/job/QA%20Transports/job/Deploy%20to%20prod%20CN/buildWithParameters?token=myClaimsCNRelease&token2= | C34: =_xlfn.CONCAT("https://jenkins.werfen.com/",Transports!$D97,"?token=",Transports!$C97) -> https://jenkins.werfen.com/job/myClaims/job/Production%20Environment/job/QA%20Transports/job/Deploy%20to%20prod%20CN/?token=myClaimsCNRelease | D34: =Transports!$C$2 -> 11670cc89254539b7527b5113a68e6edb6 | E34: =Transports!$D$3 -> 45962
A35: =Transports!$G101 -> myOrders Release | B35: =CONCATENATE("https://jenkins.werfen.com/",Transports!$D101,Transports!$E101,"?token=",Transports!$C101,"&token2=") -> https://jenkins.werfen.com/job/myOrders/job/Production%20Environment/job/QA%20Transport/job/Deploy%20release/buildWithParameters?token=myOrdersRelease1&token2= | C35: =_xlfn.CONCAT("https://jenkins.werfen.com/",Transports!$D101,"?token=",Transports!$C101) -> https://jenkins.werfen.com/job/myOrders/job/Production%20Environment/job/QA%20Transport/job/Deploy%20release/?token=myOrdersRelease1 | D35: =Transports!$C$2 -> 11670cc89254539b7527b5113a68e6edb6 | E35: =Transports!$D$3 -> 45962
A36: =Transports!$G105 -> WerfenTower legacy | B36: =CONCATENATE("https://jenkins.werfen.com/",Transports!$D105,Transports!$E105,"?token=",Transports!$C105,"&token2=") -> https://jenkins.werfen.com/job/Tower/job/Production%20Environment/job/QA%20Transports/job/Tower/build?token=WerfenTowerRelease&token2= | C36: =_xlfn.CONCAT("https://jenkins.werfen.com/",Transports!$D105,"?token=",Transports!$C105) -> https://jenkins.werfen.com/job/Tower/job/Production%20Environment/job/QA%20Transports/job/Tower/?token=WerfenTowerRelease | D36: =Transports!$C$2 -> 11670cc89254539b7527b5113a68e6edb6 | E36: =Transports!$D$3 -> 45962
A37: =Transports!$G108 -> WeLearn legacy | B37: =CONCATENATE("https://jenkins.werfen.com/",Transports!$D108,Transports!$E108,"?token=",Transports!$C108,"&token2=") -> https://jenkins.werfen.com/job/LMS/job/Production%20environment/job/QA%20Transports/job/WeLearn/buildWithParameters?token=WeLearnRelease&token2= | C37: =_xlfn.CONCAT("https://jenkins.werfen.com/",Transports!$D108,"?token=",Transports!$C108) -> https://jenkins.werfen.com/job/LMS/job/Production%20environment/job/QA%20Transports/job/WeLearn/?token=WeLearnRelease | D37: =Transports!$C$2 -> 11670cc89254539b7527b5113a68e6edb6 | E37: =Transports!$D$3 -> 45962
A38: =Transports!$G111 -> Werfen Academy legacy | B38: =CONCATENATE("https://jenkins.werfen.com/",Transports!$D111,Transports!$E111,"?token=",Transports!$C111,"&token2=") -> https://jenkins.werfen.com/job/LMS/job/Production%20environment/job/QA%20Transports/job/Release%20job%20academy/buildWithParameters?token=WerfenAcademyRelease&token2= | C38: =_xlfn.CONCAT("https://jenkins.werfen.com/",Transports!$D111,"?token=",Transports!$C111) -> https://jenkins.werfen.com/job/LMS/job/Production%20environment/job/QA%20Transports/job/Release%20job%20academy/?token=WerfenAcademyRelease | D38: =Transports!$C$2 -> 11670cc89254539b7527b5113a68e6edb6 | E38: =Transports!$D$3 -> 45962
A39: =Transports!$G114 -> Werfen Academy China legacy | B39: =CONCATENATE("https://jenkins.werfen.com/",Transports!$D114,Transports!$E114,"?token=",Transports!$C114,"&token2=") -> https://jenkins.werfen.com/job/LMS/job/Production%20environment/job/QA%20Transports/job/Release%20job%20academy%20China/buildWithParameters?token=WerfenAcademyChinaRelease&token2= | C39: =_xlfn.CONCAT("https://jenkins.werfen.com/",Transports!$D114,"?token=",Transports!$C114) -> https://jenkins.werfen.com/job/LMS/job/Production%20environment/job/QA%20Transports/job/Release%20job%20academy%20China/?token=WerfenAcademyChinaRelease | D39: =Transports!$C$2 -> 11670cc89254539b7527b5113a68e6edb6 | E39: =Transports!$D$3 -> 45962
A40: =Transports!$G117 -> Werfen Academy DosiFuser legacy | B40: =CONCATENATE("https://jenkins.werfen.com/",Transports!$D117,Transports!$E117,"?token=",Transports!$C117,"&token2=") -> https://jenkins.werfen.com/job/LMS/job/Production%20environment/job/QA%20Transports/job/Release%20job%20Dosi-fuser/buildWithParameters?token=WerfenAcademyDosiFuserRelease&token2= | C40: =_xlfn.CONCAT("https://jenkins.werfen.com/",Transports!$D117,"?token=",Transports!$C117) -> https://jenkins.werfen.com/job/LMS/job/Production%20environment/job/QA%20Transports/job/Release%20job%20Dosi-fuser/?token=WerfenAcademyDosiFuserRelease | D40: =Transports!$C$2 -> 11670cc89254539b7527b5113a68e6edb6 | E40: =Transports!$D$3 -> 45962
A41: =Transports!$G120 -> Distributors Portal legacy | B41: =CONCATENATE("https://jenkins.werfen.com/",Transports!$D120,Transports!$E120,"?token=",Transports!$C120,"&token2=") -> https://jenkins.werfen.com/job/Distributors%20Portal%20(E-business)/job/Production%20Environment/job/QA%20Transport/job/Distributors%20Portal%20Deploy/build?token=DISTRIBUTORS_PORTAL_PRODUCTION_QA_TRANSPORT&token2= | C41: =_xlfn.CONCAT("https://jenkins.werfen.com/",Transports!$D120,"?token=",Transports!$C120) -> https://jenkins.werfen.com/job/Distributors%20Portal%20(E-business)/job/Production%20Environment/job/QA%20Transport/job/Distributors%20Portal%20Deploy/?token=DISTRIBUTORS_PORTAL_PRODUCTION_QA_TRANSPORT | D41: =Transports!$C$2 -> 11670cc89254539b7527b5113a68e6edb6 | E41: =Transports!$D$3 -> 45962
A42: =Transports!$G123 -> IVD Market Watch legacy | B42: =CONCATENATE("https://jenkins.werfen.com/",Transports!$D123,Transports!$E123,"?token=",Transports!$C123,"&token2=") -> https://jenkins.werfen.com/job/IVD%20Market%20Watch/job/Production%20Environment/job/QA%20Transports/job/IVD%20Market%20Watch/buildWithParameters?token=IVDMarketWatchRelease&token2= | C42: =_xlfn.CONCAT("https://jenkins.werfen.com/",Transports!$D123,"?token=",Transports!$C123) -> https://jenkins.werfen.com/job/IVD%20Market%20Watch/job/Production%20Environment/job/QA%20Transports/job/IVD%20Market%20Watch/?token=IVDMarketWatchRelease | D42: =Transports!$C$2 -> 11670cc89254539b7527b5113a68e6edb6 | E42: =Transports!$D$3 -> 45962
A43: =Transports!$G126 -> Customer Portal legacy | B43: =CONCATENATE("https://jenkins.werfen.com/",Transports!$D126,Transports!$E126,"?token=",Transports!$C126,"&token2=") -> https://jenkins.werfen.com/job/CustomersPortal/job/Production%20Environment/job/Customers%20Portal%20QA%20Transport/build?token=CUSTOMER_PORTAL_PRODUCTION_QA_TRANSPORT&token2= | C43: =_xlfn.CONCAT("https://jenkins.werfen.com/",Transports!$D126,"?token=",Transports!$C126) -> https://jenkins.werfen.com/job/CustomersPortal/job/Production%20Environment/job/Customers%20Portal%20QA%20Transport/?token=CUSTOMER_PORTAL_PRODUCTION_QA_TRANSPORT | D43: =Transports!$C$2 -> 11670cc89254539b7527b5113a68e6edb6 | E43: =Transports!$D$3 -> 45962
A44: =Transports!$G129 -> WerfenTouch Web legacy | B44: =CONCATENATE("https://jenkins.werfen.com/",Transports!$D129,Transports!$E129,"?token=",Transports!$C129,"&token2=") -> https://jenkins.werfen.com/job/WerfenTouch/job/Backend/job/Production%20Enviroment/job/QA%20Transports/job/Deploy%20to%20prod/buildWithParameters?token=WerfenTouchWebRelease&token2= | C44: =_xlfn.CONCAT("https://jenkins.werfen.com/",Transports!$D129,"?token=",Transports!$C129) -> https://jenkins.werfen.com/job/WerfenTouch/job/Backend/job/Production%20Enviroment/job/QA%20Transports/job/Deploy%20to%20prod/?token=WerfenTouchWebRelease | D44: =Transports!$C$2 -> 11670cc89254539b7527b5113a68e6edb6 | E44: =Transports!$D$3 -> 45962
A45: =Transports!$G132 -> WerfenTouch China Web | B45: =CONCATENATE("https://jenkins.werfen.com/",Transports!$D132,Transports!$E132,"?token=",Transports!$C132,"&token2=") -> https://jenkins.werfen.com/job/WerfenTouch/job/Production%20environment/job/Websites/job/QA%20Transports/job/WerfenTouch%20China/buildWithParameters?token=WerfenTouchChinaWebRelease&token2= | C45: =_xlfn.CONCAT("https://jenkins.werfen.com/",Transports!$D132,"?token=",Transports!$C132) -> https://jenkins.werfen.com/job/WerfenTouch/job/Production%20environment/job/Websites/job/QA%20Transports/job/WerfenTouch%20China/?token=WerfenTouchChinaWebRelease | D45: =Transports!$C$2 -> 11670cc89254539b7527b5113a68e6edb6 | E45: =Transports!$D$3 -> 45962
A46: =Transports!$G133 -> Accriva Tickets legacy | B46: =CONCATENATE("https://jenkins.werfen.com/",Transports!$D133,Transports!$E133,"?token=",Transports!$C133,"&token2=") -> https://jenkins.werfen.com/job/AccrivaTickets/job/Production%20Environment/job/Accriva%20Tickets%20QA%20Transport/build?token=ACCRIVA_TICKETS_PRODUCTION_QA_TRANSPORT&token2= | C46: =_xlfn.CONCAT("https://jenkins.werfen.com/",Transports!$D133,"?token=",Transports!$C133) -> https://jenkins.werfen.com/job/AccrivaTickets/job/Production%20Environment/job/Accriva%20Tickets%20QA%20Transport/?token=ACCRIVA_TICKETS_PRODUCTION_QA_TRANSPORT | D46: =Transports!$C$2 -> 11670cc89254539b7527b5113a68e6edb6 | E46: =Transports!$D$3 -> 45962
A47: =Transports!G141 -> Vendors Portal Release | B47: =CONCATENATE("https://jenkins.werfen.com/",Transports!$D141,Transports!$E141,"?token=",Transports!$C141,"&token2=") -> https://jenkins.werfen.com/job/Vendors%20Portal/job/Production%20environment/job/QA%20Transports/job/Deploy%20Release/buildWithParameters?token=VendorsPortalRelease1&token2= | D47: =Transports!#REF! -> #REF!
A48: =Transports!G142 -> Vendors Portal Hotfix | B48: =CONCATENATE("https://jenkins.werfen.com/",Transports!$D142,Transports!$E142,"?token=",Transports!$C142,"&token2=") -> https://jenkins.werfen.com/job/Vendors%20Portal/job/Production%20environment/job/QA%20Transports/job/Deploy%20Hotfix/buildWithParameters?token=VendorsPortalHotfix&token2= | D48: =Transports!#REF! -> #REF!

Sheet old
A1: To be filled
A2: Result | D2: it_qa token: | E2: 1197e97c0e27b3d81eb7b1f5597b55952a | G2: Note: This token expires every 6 months, please ensure it is not expired before using it. U: it_qa P:(syspass)
A3: Calculated | E3: Published January 31, 2022 | F3: Expires June 30, 2022
A4: Project | B4: SAP ID | C4: App | D4: SCR Execution Body (copy & paste in SCR Execution tab) | E4: App Token | F4: Jenkins job path | G4: JENKINS_RESULT | H4: JENKINS_TRANSPORT
A5: Webs | B5: 1 | C5: All werfen.com sites | D5: =CONCATENATE($G$4," ",G5,CHAR(10),CHAR(13),CHAR(10),CHAR(13),$H$4," ",H5) -> JENKINS_RESULT https://jenkins.werfen.com/job/Werfen%20websites/job/Production%20environment/job/QA%20Transports/job/All%20werfen.com%20sites/?token=WerfenALLRelease _x000D_ _x000D_JENKINS_TRANSPORT job/Werfen%20websites/job/Production%20environment/job/QA%20Transports/job/All%20werfen.com%20sites/build?token=WerfenALLRelease&token2=1197e97c0e27b3d81eb7b1f5597b55952a | E5: WerfenALLRelease | F5: job/Werfen%20websites/job/Production%20environment/job/QA%20Transports/job/All%20werfen.com%20sites/ | G5: =_xlfn.CONCAT("https://jenkins.werfen.com/",F5,"?token=",E5) -> https://jenkins.werfen.com/job/Werfen%20websites/job/Production%20environment/job/QA%20Transports/job/All%20werfen.com%20sites/?token=WerfenALLRelease | H5: =CONCATENATE(F5,"build?token=",E5,"&token2=",$E$2) -> job/Werfen%20websites/job/Production%20environment/job/QA%20Transports/job/All%20werfen.com%20sites/build?token=WerfenALLRelease&token2=1197e97c0e27b3d81eb7b1f5597b55952a
A6: Webs | B6: 17 | C6: MedCor | D6: =CONCATENATE($G$4," ",G6,CHAR(10),CHAR(13),CHAR(10),CHAR(13),$H$4," ",H6) -> JENKINS_RESULT https://jenkins.werfen.com/job/Werfen%20websites/job/Production%20environment/job/QA%20Transports/job/MedCor/?token=MedCorRelease _x000D_ _x000D_JENKINS_TRANSPORT job/Werfen%20websites/job/Production%20environment/job/QA%20Transports/job/MedCor/build?token=MedCorRelease&token2=1197e97c0e27b3d81eb7b1f5597b55952a | E6: MedCorRelease | F6: job/Werfen%20websites/job/Production%20environment/job/QA%20Transports/job/MedCor/ | G6: =_xlfn.CONCAT("https://jenkins.werfen.com/",F6,"?token=",E6) -> https://jenkins.werfen.com/job/Werfen%20websites/job/Production%20environment/job/QA%20Transports/job/MedCor/?token=MedCorRelease | H6: =CONCATENATE(F6,"build?token=",E6,"&token2=",$E$2) -> job/Werfen%20websites/job/Production%20environment/job/QA%20Transports/job/MedCor/build?token=MedCorRelease&token2=1197e97c0e27b3d81eb7b1f5597b55952a
A7: Webs | C7: Website Czechia | D7: =CONCATENATE($G$4," ",G7,CHAR(10),CHAR(13),CHAR(10),CHAR(13),$H$4," ",H7) -> JENKINS_RESULT https://jenkins.werfen.com/job/Werfen%20websites/job/Production%20environment/job/QA%20Transports/job/Werfen%20CZ/?token=WerfenCZRelease _x000D_ _x000D_JENKINS_TRANSPORT job/Werfen%20websites/job/Production%20environment/job/QA%20Transports/job/Werfen%20CZ/build?token=WerfenCZRelease&token2=1197e97c0e27b3d81eb7b1f5597b55952a | E7: WerfenCZRelease | F7: job/Werfen%20websites/job/Production%20environment/job/QA%20Transports/job/Werfen%20CZ/ | G7: =_xlfn.CONCAT("https://jenkins.werfen.com/",F7,"?token=",E7) -> https://jenkins.werfen.com/job/Werfen%20websites/job/Production%20environment/job/QA%20Transports/job/Werfen%20CZ/?token=WerfenCZRelease | H7: =CONCATENATE(F7,"build?token=",E7,"&token2=",$E$2) -> job/Werfen%20websites/job/Production%20environment/job/QA%20Transports/job/Werfen%20CZ/build?token=WerfenCZRelease&token2=1197e97c0e27b3d81eb7b1f5597b55952a
A8: Webs | C8: Website Russia | D8: =CONCATENATE($G$4," ",G8,CHAR(10),CHAR(13),CHAR(10),CHAR(13),$H$4," ",H8) -> JENKINS_RESULT https://jenkins.werfen.com/job/Werfen%20websites/job/Production%20environment/job/QA%20Transports/job/Werfen%20RU/?token=WerfenRURelease _x000D_ _x000D_JENKINS_TRANSPORT job/Werfen%20websites/job/Production%20environment/job/QA%20Transports/job/Werfen%20RU/build?token=WerfenRURelease&token2=1197e97c0e27b3d81eb7b1f5597b55952a | E8: WerfenRURelease | F8: job/Werfen%20websites/job/Production%20environment/job/QA%20Transports/job/Werfen%20RU/ | G8: =_xlfn.CONCAT("https://jenkins.werfen.com/",F8,"?token=",E8) -> https://jenkins.werfen.com/job/Werfen%20websites/job/Production%20environment/job/QA%20Transports/job/Werfen%20RU/?token=WerfenRURelease | H8: =CONCATENATE(F8,"build?token=",E8,"&token2=",$E$2) -> job/Werfen%20websites/job/Production%20environment/job/QA%20Transports/job/Werfen%20RU/build?token=WerfenRURelease&token2=1197e97c0e27b3d81eb7b1f5597b55952a
A9: Webs | B9: 4 | C9: Website AUSTRALIA | D9: =CONCATENATE($G$4," ",G9,CHAR(10),CHAR(13),CHAR(10),CHAR(13),$H$4," ",H9) -> JENKINS_RESULT https://jenkins.werfen.com/job/Werfen%20websites/job/Production%20environment/job/QA%20Transports/job/Werfen%20AU/?token=WerfenAURelease _x000D_ _x000D_JENKINS_TRANSPORT job/Werfen%20websites/job/Production%20environment/job/QA%20Transports/job/Werfen%20AU/build?token=WerfenAURelease&token2=1197e97c0e27b3d81eb7b1f5597b55952a | E9: WerfenAURelease | F9: job/Werfen%20websites/job/Production%20environment/job/QA%20Transports/job/Werfen%20AU/ | G9: =_xlfn.CONCAT("https://jenkins.werfen.com/",F9,"?token=",E9) -> https://jenkins.werfen.com/job/Werfen%20websites/job/Production%20environment/job/QA%20Transports/job/Werfen%20AU/?token=WerfenAURelease | H9: =CONCATENATE(F9,"build?token=",E9,"&token2=",$E$2) -> job/Werfen%20websites/job/Production%20environment/job/QA%20Transports/job/Werfen%20AU/build?token=WerfenAURelease&token2=1197e97c0e27b3d81eb7b1f5597b55952a
A10: Welisten | C10: WeListen | D10: =CONCATENATE($G$4," ",G10,CHAR(10),CHAR(13),CHAR(10),CHAR(13),$H$4," ",H10) -> JENKINS_RESULT https://jenkins.werfen.com/job/WeListen/job/WeListen%20Deploy%20to%20Prod/?token=welistenRelease _x000D_ _x000D_JENKINS_TRANSPORT job/WeListen/job/WeListen%20Deploy%20to%20Prod/build?token=welistenRelease&token2=1197e97c0e27b3d81eb7b1f5597b55952a | E10: welistenRelease | F10: job/WeListen/job/WeListen%20Deploy%20to%20Prod/ | G10: =_xlfn.CONCAT("https://jenkins.werfen.com/",F10,"?token=",E10) -> https://jenkins.werfen.com/job/WeListen/job/WeListen%20Deploy%20to%20Prod/?token=welistenRelease | H10: =CONCATENATE(F10,"build?token=",E10,"&token2=",$E$2) -> job/WeListen/job/WeListen%20Deploy%20to%20Prod/build?token=welistenRelease&token2=1197e97c0e27b3d81eb7b1f5597b55952a
A11: Webs | C11: Website FRANCE | D11: =CONCATENATE($G$4," ",G11,CHAR(10),CHAR(13),CHAR(10),CHAR(13),$H$4," ",H11) -> JENKINS_RESULT https://jenkins.werfen.com/job/Werfen%20websites/job/Production%20environment/job/QA%20Transports/job/Werfen%20FR/?token=WerfenFRRelease _x000D_ _x000D_JENKINS_TRANSPORT job/WeListen/job/WeListen%20Deploy%20to%20Prod/build?token=welistenRelease&token2=1197e97c0e27b3d81eb7b1f5597b55952a | E11: WerfenFRRelease | F11: job/Werfen%20websites/job/Production%20environment/job/QA%20Transports/job/Werfen%20FR/ | G11: =_xlfn.CONCAT("https://jenkins.werfen.com/",F11,"?token=",E11) -> https://jenkins.werfen.com/job/Werfen%20websites/job/Production%20environment/job/QA%20Transports/job/Werfen%20FR/?token=WerfenFRRelease | H11: =CONCATENATE(F10,"build?token=",E10,"&token2=",$E$2) -> job/WeListen/job/WeListen%20Deploy%20to%20Prod/build?token=welistenRelease&token2=1197e97c0e27b3d81eb7b1f5597b55952a
A12: Webs | C12: Website Italy | D12: =CONCATENATE($G$4," ",G12,CHAR(10),CHAR(13),CHAR(10),CHAR(13),$H$4," ",H12) -> JENKINS_RESULT https://jenkins.werfen.com/job/Werfen%20websites/job/Production%20environment/job/QA%20Transports/job/Werfen%20IT/?token=WerfenITRelease _x000D_ _x000D_JENKINS_TRANSPORT job/Werfen%20websites/job/Production%20environment/job/QA%20Transports/job/Werfen%20IT/build?token=WerfenITRelease&token2=1197e97c0e27b3d81eb7b1f5597b55952a | E12: WerfenITRelease | F12: job/Werfen%20websites/job/Production%20environment/job/QA%20Transports/job/Werfen%20IT/ | G12: =_xlfn.CONCAT("https://jenkins.werfen.com/",F12,"?token=",E12) -> https://jenkins.werfen.com/job/Werfen%20websites/job/Production%20environment/job/QA%20Transports/job/Werfen%20IT/?token=WerfenITRelease | H12: =CONCATENATE(F12,"build?token=",E12,"&token2=",$E$2) -> job/Werfen%20websites/job/Production%20environment/job/QA%20Transports/job/Werfen%20IT/build?token=WerfenITRelease&token2=1197e97c0e27b3d81eb7b1f5597b55952a
A13: Webs | C13: Website UK | D13: =CONCATENATE($G$4," ",G13,CHAR(10),CHAR(13),CHAR(10),CHAR(13),$H$4," ",H13) -> JENKINS_RESULT https://jenkins.werfen.com/job/Werfen%20websites/job/Production%20environment/job/QA%20Transports/job/Werfen%20UK/?token=WerfenUKRelease _x000D_ _x000D_JENKINS_TRANSPORT job/Werfen%20websites/job/Production%20environment/job/QA%20Transports/job/Werfen%20UK/build?token=WerfenUKRelease&token2=1197e97c0e27b3d81eb7b1f5597b55952a | E13: WerfenUKRelease | F13: job/Werfen%20websites/job/Production%20environment/job/QA%20Transports/job/Werfen%20UK/ | G13: =_xlfn.CONCAT("https://jenkins.werfen.com/",F13,"?token=",E13) -> https://jenkins.werfen.com/job/Werfen%20websites/job/Production%20environment/job/QA%20Transports/job/Werfen%20UK/?token=WerfenUKRelease | H13: =CONCATENATE(F13,"build?token=",E13,"&token2=",$E$2) -> job/Werfen%20websites/job/Production%20environment/job/QA%20Transports/job/Werfen%20UK/build?token=WerfenUKRelease&token2=1197e97c0e27b3d81eb7b1f5597b55952a
A14: Webs | B14: 2 | C14: Website Corporate | D14: =CONCATENATE($G$4," ",G14,CHAR(10),CHAR(13),CHAR(10),CHAR(13),$H$4," ",H14) -> JENKINS_RESULT https://jenkins.werfen.com/job/Werfen%20websites/job/Production%20environment/job/QA%20Transports/job/Werfen%20WW/?token=WerfenWWRelease _x000D_ _x000D_JENKINS_TRANSPORT job/Werfen%20websites/job/Production%20environment/job/QA%20Transports/job/Werfen%20WW/build?token=WerfenWWRelease&token2=1197e97c0e27b3d81eb7b1f5597b55952a | E14: WerfenWWRelease | F14: job/Werfen%20websites/job/Production%20environment/job/QA%20Transports/job/Werfen%20WW/ | G14: =_xlfn.CONCAT("https://jenkins.werfen.com/",F14,"?token=",E14) -> https://jenkins.werfen.com/job/Werfen%20websites/job/Production%20environment/job/QA%20Transports/job/Werfen%20WW/?token=WerfenWWRelease | H14: =CONCATENATE(F14,"build?token=",E14,"&token2=",$E$2) -> job/Werfen%20websites/job/Production%20environment/job/QA%20Transports/job/Werfen%20WW/build?token=WerfenWWRelease&token2=1197e97c0e27b3d81eb7b1f5597b55952a
A15: Webs | C15: Website Mexico | D15: =CONCATENATE($G$4," ",G15,CHAR(10),CHAR(13),CHAR(10),CHAR(13),$H$4," ",H15) -> JENKINS_RESULT https://jenkins.werfen.com/job/Werfen%20websites/job/Production%20environment/job/QA%20Transports/job/Werfen%20MX/?token=WerfenMXRelease _x000D_ _x000D_JENKINS_TRANSPORT job/Werfen%20websites/job/Production%20environment/job/QA%20Transports/job/Werfen%20MX/build?token=WerfenMXRelease&token2=1197e97c0e27b3d81eb7b1f5597b55952a | E15: WerfenMXRelease | F15: job/Werfen%20websites/job/Production%20environment/job/QA%20Transports/job/Werfen%20MX/ | G15: =_xlfn.CONCAT("https://jenkins.werfen.com/",F15,"?token=",E15) -> https://jenkins.werfen.com/job/Werfen%20websites/job/Production%20environment/job/QA%20Transports/job/Werfen%20MX/?token=WerfenMXRelease | H15: =CONCATENATE(F15,"build?token=",E15,"&token2=",$E$2) -> job/Werfen%20websites/job/Production%20environment/job/QA%20Transports/job/Werfen%20MX/build?token=WerfenMXRelease&token2=1197e97c0e27b3d81eb7b1f5597b55952a
A16: Webs | C16: Website Spain | D16: =CONCATENATE($G$4," ",G16,CHAR(10),CHAR(13),CHAR(10),CHAR(13),$H$4," ",H16) -> JENKINS_RESULT https://jenkins.werfen.com/job/Werfen%20websites/job/Production%20environment/job/QA%20Transports/job/Werfen%20ES/?token=WerfenESRelease _x000D_ _x000D_JENKINS_TRANSPORT job/Werfen%20websites/job/Production%20environment/job/QA%20Transports/job/Werfen%20ES/build?token=WerfenESRelease&token2=1197e97c0e27b3d81eb7b1f5597b55952a | E16: WerfenESRelease | F16: job/Werfen%20websites/job/Production%20environment/job/QA%20Transports/job/Werfen%20ES/ | G16: =_xlfn.CONCAT("https://jenkins.werfen.com/",F16,"?token=",E16) -> https://jenkins.werfen.com/job/Werfen%20websites/job/Production%20environment/job/QA%20Transports/job/Werfen%20ES/?token=WerfenESRelease | H16: =CONCATENATE(F16,"build?token=",E16,"&token2=",$E$2) -> job/Werfen%20websites/job/Production%20environment/job/QA%20Transports/job/Werfen%20ES/build?token=WerfenESRelease&token2=1197e97c0e27b3d81eb7b1f5597b55952a
A17: Webs | B17: 5 | C17: Website Benelux | D17: =CONCATENATE($G$4," ",G17,CHAR(10),CHAR(13),CHAR(10),CHAR(13),$H$4," ",H17) -> JENKINS_RESULT https://jenkins.werfen.com/job/Werfen%20websites/job/Production%20environment/job/QA%20Transports/job/Werfen%20Benelux/?token=WerfenBeneluxRelease _x000D_ _x000D_JENKINS_TRANSPORT job/Werfen%20websites/job/Production%20environment/job/QA%20Transports/job/Werfen%20Benelux/build?token=WerfenBeneluxRelease&token2=1197e97c0e27b3d81eb7b1f5597b55952a | E17: WerfenBeneluxRelease | F17: job/Werfen%20websites/job/Production%20environment/job/QA%20Transports/job/Werfen%20Benelux/ | G17: =_xlfn.CONCAT("https://jenkins.werfen.com/",F17,"?token=",E17) -> https://jenkins.werfen.com/job/Werfen%20websites/job/Production%20environment/job/QA%20Transports/job/Werfen%20Benelux/?token=WerfenBeneluxRelease | H17: =CONCATENATE(F17,"build?token=",E17,"&token2=",$E$2) -> job/Werfen%20websites/job/Production%20environment/job/QA%20Transports/job/Werfen%20Benelux/build?token=WerfenBeneluxRelease&token2=1197e97c0e27b3d81eb7b1f5597b55952a
A18: Webs | C18: Biokit - OLD | D18: =CONCATENATE($G$4," ",G18,CHAR(10),CHAR(13),CHAR(10),CHAR(13),$H$4," ",H18) -> JENKINS_RESULT https://jenkins.werfen.com/job/Werfen%20websites/job/Production%20environment/job/QA%20Transports/job/Biokit/?token=BiokitRelease _x000D_ _x000D_JENKINS_TRANSPORT job/Werfen%20websites/job/Production%20environment/job/QA%20Transports/job/Biokit/build?token=BiokitRelease&token2=1197e97c0e27b3d81eb7b1f5597b55952a | E18: BiokitRelease | F18: job/Werfen%20websites/job/Production%20environment/job/QA%20Transports/job/Biokit/ | G18: =_xlfn.CONCAT("https://jenkins.werfen.com/",F18,"?token=",E18) -> https://jenkins.werfen.com/job/Werfen%20websites/job/Production%20environment/job/QA%20Transports/job/Biokit/?token=BiokitRelease | H18: =CONCATENATE(F18,"build?token=",E18,"&token2=",$E$2) -> job/Werfen%20websites/job/Production%20environment/job/QA%20Transports/job/Biokit/build?token=BiokitRelease&token2=1197e97c0e27b3d81eb7b1f5597b55952a
A19: Webs | C19: Inova - no longuer used | D19: =CONCATENATE($G$4," ",G19,CHAR(10),CHAR(13),CHAR(10),CHAR(13),$H$4," ",H19) -> JENKINS_RESULT https://jenkins.werfen.com/job/Werfen%20websites/job/Production%20environment/job/QA%20Transports/job/Inova/?token=InovaRelease _x000D_ _x000D_JENKINS_TRANSPORT job/Werfen%20websites/job/Production%20environment/job/QA%20Transports/job/Inova/build?token=InovaRelease&token2=1197e97c0e27b3d81eb7b1f5597b55952a | E19: InovaRelease | F19: job/Werfen%20websites/job/Production%20environment/job/QA%20Transports/job/Inova/ | G19: =_xlfn.CONCAT("https://jenkins.werfen.com/",F19,"?token=",E19) -> https://jenkins.werfen.com/job/Werfen%20websites/job/Production%20environment/job/QA%20Transports/job/Inova/?token=InovaRelease | H19: =CONCATENATE(F19,"build?token=",E19,"&token2=",$E$2) -> job/Werfen%20websites/job/Production%20environment/job/QA%20Transports/job/Inova/build?token=InovaRelease&token2=1197e97c0e27b3d81eb7b1f5597b55952a
A20: Webs | C20: Test | D20: =CONCATENATE($G$4," ",G20,CHAR(10),CHAR(13),CHAR(10),CHAR(13),$H$4," ",H20) -> JENKINS_RESULT https://jenkins.werfen.com/job/Werfen%20websites/job/Production%20environment/job/QA%20Transports/job/QA%20Transport%20Test/?token=qaJob1 _x000D_ _x000D_JENKINS_TRANSPORT job/Werfen%20websites/job/Production%20environment/job/QA%20Transports/job/QA%20Transport%20Test/build?token=qaJob1&token2=1197e97c0e27b3d81eb7b1f5597b55952a | E20: qaJob1 | F20: job/Werfen%20websites/job/Production%20environment/job/QA%20Transports/job/QA%20Transport%20Test/ | G20: =_xlfn.CONCAT("https://jenkins.werfen.com/",F20,"?token=",E20) -> https://jenkins.werfen.com/job/Werfen%20websites/job/Production%20environment/job/QA%20Transports/job/QA%20Transport%20Test/?token=qaJob1 | H20: =CONCATENATE(F20,"build?token=",E20,"&token2=",$E$2) -> job/Werfen%20websites/job/Production%20environment/job/QA%20Transports/job/QA%20Transport%20Test/build?token=qaJob1&token2=1197e97c0e27b3d81eb7b1f5597b55952a
A21: Webs | C21: Website Izasa Medical | D21: =CONCATENATE($G$4," ",G21,CHAR(10),CHAR(13),CHAR(10),CHAR(13),$H$4," ",H21) -> JENKINS_RESULT https://jenkins.werfen.com/job/Werfen%20websites/job/Production%20environment/job/QA%20Transports/job/Izasa%20Hospital/?token=IzasaHospitalRelease _x000D_ _x000D_JENKINS_TRANSPORT job/Werfen%20websites/job/Production%20environment/job/QA%20Transports/job/Izasa%20Hospital/build?token=IzasaHospitalRelease&token2=1197e97c0e27b3d81eb7b1f5597b55952a | E21: IzasaHospitalRelease | F21: job/Werfen%20websites/job/Production%20environment/job/QA%20Transports/job/Izasa%20Hospital/ | G21: =_xlfn.CONCAT("https://jenkins.werfen.com/",F21,"?token=",E21) -> https://jenkins.werfen.com/job/Werfen%20websites/job/Production%20environment/job/QA%20Transports/job/Izasa%20Hospital/?token=IzasaHospitalRelease | H21: =CONCATENATE(F21,"build?token=",E21,"&token2=",$E$2) -> job/Werfen%20websites/job/Production%20environment/job/QA%20Transports/job/Izasa%20Hospital/build?token=IzasaHospitalRelease&token2=1197e97c0e27b3d81eb7b1f5597b55952a
A22: WeNet | C22: SSM web | D22: =CONCATENATE($G$4," ",G22,CHAR(10),CHAR(13),CHAR(10),CHAR(13),$H$4," ",H22) -> JENKINS_RESULT https://jenkins.werfen.com/job/WeNet/job/SSM%20website/?token=wenetSSMweb _x000D_ _x000D_JENKINS_TRANSPORT job/WeNet/job/SSM%20website/buildWithParameters?token=wenetSSMweb&token2=1197e97c0e27b3d81eb7b1f5597b55952a | E22: wenetSSMweb | F22: job/WeNet/job/SSM%20website/ | G22: =_xlfn.CONCAT("https://jenkins.werfen.com/",F22,"?token=",E22) -> https://jenkins.werfen.com/job/WeNet/job/SSM%20website/?token=wenetSSMweb | H22: =CONCATENATE(F22,"buildWithParameters?token=",E22,"&token2=",$E$2) -> job/WeNet/job/SSM%20website/buildWithParameters?token=wenetSSMweb&token2=1197e97c0e27b3d81eb7b1f5597b55952a
A23: WeNet | C23: WeNet | D23: =CONCATENATE($G$4," ",G23,CHAR(10),CHAR(13),CHAR(10),CHAR(13),$H$4," ",H23) -> JENKINS_RESULT https://jenkins.werfen.com/job/WeNet/job/QA%20Transports/job/WeNet/?token=wenetRelease _x000D_ _x000D_JENKINS_TRANSPORT job/WeNet/job/QA%20Transports/job/WeNet/build?token=wenetRelease&token2=1197e97c0e27b3d81eb7b1f5597b55952a | E23: wenetRelease | F23: job/WeNet/job/QA%20Transports/job/WeNet/ | G23: =_xlfn.CONCAT("https://jenkins.werfen.com/",F23,"?token=",E23) -> https://jenkins.werfen.com/job/WeNet/job/QA%20Transports/job/WeNet/?token=wenetRelease | H23: =CONCATENATE(F23,"build?token=",E23,"&token2=",$E$2) -> job/WeNet/job/QA%20Transports/job/WeNet/build?token=wenetRelease&token2=1197e97c0e27b3d81eb7b1f5597b55952a
A24: Webs | C24: Website BI (QlikSense) | D24: =CONCATENATE($G$4," ",G24,CHAR(10),CHAR(13),CHAR(10),CHAR(13),$H$4," ",H24) -> JENKINS_RESULT https://jenkins.werfen.com/job/Werfen%20websites/job/Production%20environment/job/QA%20Transports/job/QLikSense%20Release/?token=QlikSenseRelease _x000D_ _x000D_JENKINS_TRANSPORT job/Werfen%20websites/job/Production%20environment/job/QA%20Transports/job/QLikSense%20Release/build?token=QlikSenseRelease&token2=1197e97c0e27b3d81eb7b1f5597b55952a | E24: QlikSenseRelease | F24: job/Werfen%20websites/job/Production%20environment/job/QA%20Transports/job/QLikSense%20Release/ | G24: =_xlfn.CONCAT("https://jenkins.werfen.com/",F24,"?token=",E24) -> https://jenkins.werfen.com/job/Werfen%20websites/job/Production%20environment/job/QA%20Transports/job/QLikSense%20Release/?token=QlikSenseRelease | H24: =CONCATENATE(F24,"build?token=",E24,"&token2=",$E$2) -> job/Werfen%20websites/job/Production%20environment/job/QA%20Transports/job/QLikSense%20Release/build?token=QlikSenseRelease&token2=1197e97c0e27b3d81eb7b1f5597b55952a
A25: Webs | C25: IL WW - old | D25: =CONCATENATE($G$4," ",G25,CHAR(10),CHAR(13),CHAR(10),CHAR(13),$H$4," ",H25) -> JENKINS_RESULT https://jenkins.werfen.com/job/Werfen%20websites/job/Production%20environment/job/QA%20Transports/job/IL%20WW/?token=ILWWRelease _x000D_ _x000D_JENKINS_TRANSPORT job/Werfen%20websites/job/Production%20environment/job/QA%20Transports/job/IL%20WW/build?token=ILWWRelease&token2=1197e97c0e27b3d81eb7b1f5597b55952a | E25: ILWWRelease | F25: job/Werfen%20websites/job/Production%20environment/job/QA%20Transports/job/IL%20WW/ | G25: =_xlfn.CONCAT("https://jenkins.werfen.com/",F25,"?token=",E25) -> https://jenkins.werfen.com/job/Werfen%20websites/job/Production%20environment/job/QA%20Transports/job/IL%20WW/?token=ILWWRelease | H25: =CONCATENATE(F25,"build?token=",E25,"&token2=",$E$2) -> job/Werfen%20websites/job/Production%20environment/job/QA%20Transports/job/IL%20WW/build?token=ILWWRelease&token2=1197e97c0e27b3d81eb7b1f5597b55952a
A26: Webs | C26: IL NoAm - old | D26: =CONCATENATE($G$4," ",G26,CHAR(10),CHAR(13),CHAR(10),CHAR(13),$H$4," ",H26) -> JENKINS_RESULT https://jenkins.werfen.com/job/Werfen%20websites/job/Production%20environment/job/QA%20Transports/job/IL%20NoAm/?token=ILNoAmRelease _x000D_ _x000D_JENKINS_TRANSPORT job/Werfen%20websites/job/Production%20environment/job/QA%20Transports/job/IL%20NoAm/build?token=ILNoAmRelease&token2=1197e97c0e27b3d81eb7b1f5597b55952a | E26: ILNoAmRelease | F26: job/Werfen%20websites/job/Production%20environment/job/QA%20Transports/job/IL%20NoAm/ | G26: =_xlfn.CONCAT("https://jenkins.werfen.com/",F26,"?token=",E26) -> https://jenkins.werfen.com/job/Werfen%20websites/job/Production%20environment/job/QA%20Transports/job/IL%20NoAm/?token=ILNoAmRelease | H26: =CONCATENATE(F26,"build?token=",E26,"&token2=",$E$2) -> job/Werfen%20websites/job/Production%20environment/job/QA%20Transports/job/IL%20NoAm/build?token=ILNoAmRelease&token2=1197e97c0e27b3d81eb7b1f5597b55952a
A27: Webs | C27: Website Germany | D27: =CONCATENATE($G$4," ",G27,CHAR(10),CHAR(13),CHAR(10),CHAR(13),$H$4," ",H27) -> JENKINS_RESULT https://jenkins.werfen.com/job/Werfen%20websites/job/Production%20environment/job/QA%20Transports/job/Werfen%20DE/?token=WerfenDERelease _x000D_ _x000D_JENKINS_TRANSPORT job/Werfen%20websites/job/Production%20environment/job/QA%20Transports/job/Werfen%20DE/build?token=WerfenDERelease&token2=1197e97c0e27b3d81eb7b1f5597b55952a | E27: WerfenDERelease | F27: job/Werfen%20websites/job/Production%20environment/job/QA%20Transports/job/Werfen%20DE/ | G27: =_xlfn.CONCAT("https://jenkins.werfen.com/",F27,"?token=",E27) -> https://jenkins.werfen.com/job/Werfen%20websites/job/Production%20environment/job/QA%20Transports/job/Werfen%20DE/?token=WerfenDERelease | H27: =CONCATENATE(F27,"build?token=",E27,"&token2=",$E$2) -> job/Werfen%20websites/job/Production%20environment/job/QA%20Transports/job/Werfen%20DE/build?token=WerfenDERelease&token2=1197e97c0e27b3d81eb7b1f5597b55952a
A28: Webs | C28: Website Brazil | D28: =CONCATENATE($G$4," ",G28,CHAR(10),CHAR(13),CHAR(10),CHAR(13),$H$4," ",H28) -> JENKINS_RESULT https://jenkins.werfen.com/job/Werfen%20websites/job/Production%20environment/job/QA%20Transports/job/Werfen%20BR/?token=WerfenBRRelease _x000D_ _x000D_JENKINS_TRANSPORT job/Werfen%20websites/job/Production%20environment/job/QA%20Transports/job/Werfen%20BR/build?token=WerfenBRRelease&token2=1197e97c0e27b3d81eb7b1f5597b55952a | E28: WerfenBRRelease | F28: job/Werfen%20websites/job/Production%20environment/job/QA%20Transports/job/Werfen%20BR/ | G28: =_xlfn.CONCAT("https://jenkins.werfen.com/",F28,"?token=",E28) -> https://jenkins.werfen.com/job/Werfen%20websites/job/Production%20environment/job/QA%20Transports/job/Werfen%20BR/?token=WerfenBRRelease | H28: =CONCATENATE(F28,"build?token=",E28,"&token2=",$E$2) -> job/Werfen%20websites/job/Production%20environment/job/QA%20Transports/job/Werfen%20BR/build?token=WerfenBRRelease&token2=1197e97c0e27b3d81eb7b1f5597b55952a
A29: Webs | C29: Website Leventon | D29: =CONCATENATE($G$4," ",G29,CHAR(10),CHAR(13),CHAR(10),CHAR(13),$H$4," ",H29) -> JENKINS_RESULT https://jenkins.werfen.com/job/Werfen%20websites/job/Production%20environment/job/QA%20Transports/job/Leventon/?token=LeventonRelease _x000D_ _x000D_JENKINS_TRANSPORT job/Werfen%20websites/job/Production%20environment/job/QA%20Transports/job/Leventon/build?token=LeventonRelease&token2=1197e97c0e27b3d81eb7b1f5597b55952a | E29: LeventonRelease | F29: job/Werfen%20websites/job/Production%20environment/job/QA%20Transports/job/Leventon/ | G29: =_xlfn.CONCAT("https://jenkins.werfen.com/",F29,"?token=",E29) -> https://jenkins.werfen.com/job/Werfen%20websites/job/Production%20environment/job/QA%20Transports/job/Leventon/?token=LeventonRelease | H29: =CONCATENATE(F29,"build?token=",E29,"&token2=",$E$2) -> job/Werfen%20websites/job/Production%20environment/job/QA%20Transports/job/Leventon/build?token=LeventonRelease&token2=1197e97c0e27b3d81eb7b1f5597b55952a
A30: Webs | C30: Website Portugal | D30: =CONCATENATE($G$4," ",G30,CHAR(10),CHAR(13),CHAR(10),CHAR(13),$H$4," ",H30) -> JENKINS_RESULT https://jenkins.werfen.com/job/Werfen%20websites/job/Production%20environment/job/QA%20Transports/job/Werfen%20PT/?token=WerfenPTRelease _x000D_ _x000D_JENKINS_TRANSPORT job/Werfen%20websites/job/Production%20environment/job/QA%20Transports/job/Werfen%20PT/build?token=WerfenPTRelease&token2=1197e97c0e27b3d81eb7b1f5597b55952a | E30: WerfenPTRelease | F30: job/Werfen%20websites/job/Production%20environment/job/QA%20Transports/job/Werfen%20PT/ | G30: =_xlfn.CONCAT("https://jenkins.werfen.com/",F30,"?token=",E30) -> https://jenkins.werfen.com/job/Werfen%20websites/job/Production%20environment/job/QA%20Transports/job/Werfen%20PT/?token=WerfenPTRelease | H30: =CONCATENATE(F30,"build?token=",E30,"&token2=",$E$2) -> job/Werfen%20websites/job/Production%20environment/job/QA%20Transports/job/Werfen%20PT/build?token=WerfenPTRelease&token2=1197e97c0e27b3d81eb7b1f5597b55952a
A31: Webs | C31: Website Korea | D31: =CONCATENATE($G$4," ",G31,CHAR(10),CHAR(13),CHAR(10),CHAR(13),$H$4," ",H31) -> JENKINS_RESULT https://jenkins.werfen.com/job/Werfen%20websites/job/Production%20environment/job/QA%20Transports/job/Werfen%20KR/?token=WerfenKRRelease _x000D_ _x000D_JENKINS_TRANSPORT job/Werfen%20websites/job/Production%20environment/job/QA%20Transports/job/Werfen%20KR/build?token=WerfenKRRelease&token2=1197e97c0e27b3d81eb7b1f5597b55952a | E31: WerfenKRRelease | F31: job/Werfen%20websites/job/Production%20environment/job/QA%20Transports/job/Werfen%20KR/ | G31: =_xlfn.CONCAT("https://jenkins.werfen.com/",F31,"?token=",E31) -> https://jenkins.werfen.com/job/Werfen%20websites/job/Production%20environment/job/QA%20Transports/job/Werfen%20KR/?token=WerfenKRRelease | H31: =CONCATENATE(F31,"build?token=",E31,"&token2=",$E$2) -> job/Werfen%20websites/job/Production%20environment/job/QA%20Transports/job/Werfen%20KR/build?token=WerfenKRRelease&token2=1197e97c0e27b3d81eb7b1f5597b55952a
A32: Webs | C32: Website Japan | D32: =CONCATENATE($G$4," ",G32,CHAR(10),CHAR(13),CHAR(10),CHAR(13),$H$4," ",H32) -> JENKINS_RESULT https://jenkins.werfen.com/job/Werfen%20websites/job/Production%20environment/job/QA%20Transports/job/Werfen%20JP/?token=WerfenJPRelease _x000D_ _x000D_JENKINS_TRANSPORT job/Werfen%20websites/job/Production%20environment/job/QA%20Transports/job/Werfen%20JP/build?token=WerfenJPRelease&token2=1197e97c0e27b3d81eb7b1f5597b55952a | E32: WerfenJPRelease | F32: job/Werfen%20websites/job/Production%20environment/job/QA%20Transports/job/Werfen%20JP/ | G32: =_xlfn.CONCAT("https://jenkins.werfen.com/",F32,"?token=",E32) -> https://jenkins.werfen.com/job/Werfen%20websites/job/Production%20environment/job/QA%20Transports/job/Werfen%20JP/?token=WerfenJPRelease | H32: =CONCATENATE(F32,"build?token=",E32,"&token2=",$E$2) -> job/Werfen%20websites/job/Production%20environment/job/QA%20Transports/job/Werfen%20JP/build?token=WerfenJPRelease&token2=1197e97c0e27b3d81eb7b1f5597b55952a
